a,b,c,t,e,et
0.8,1500,3,0.0,0.0,9.53296456676443
0.8,1500,3,0.5,4.58885949757244,8.82247342352533
0.8,1500,3,1.0,8.82247342352533,7.88883376543916
0.8,1500,3,1.5,12.4776932630116,6.874390964313369
0.8,1500,3,2.0,15.6968643878387,6.030000919933
0.8,1500,3,2.5,18.5076941829446,5.240924621524
0.8,1500,3,3.0,20.9377890093627,4.507215140556198
0.8,1500,3,3.5,23.0149093235008,3.8288356551706
0.8,1500,3,4.0,24.7666246645333,3.2058300175472
0.8,1500,3,4.5,26.220739341048,2.638207177388999
0.8,1500,3,5.0,27.4048318419223,2.1259359875025012
0.8,1500,3,5.5,28.3466753285505,1.6691607564244002
0.8,1500,3,6.0,29.0739925983467,1.2676539171580004
0.8,1500,3,6.5,29.6143292457085,0.9220895205471002
0.8,1500,3,7.0,29.9960821188938,0.6311708095771991
0.8,1500,3,7.5,30.2455000552857,0.39293551532909987
0.8,1500,3,8.0,30.3890176342229,0.22030638917490108
0.8,1500,3,8.5,30.4658064444606,0.0937677244466002
0.8,1500,3,9.0,30.4827853586695,0.018113980752598735
0.8,1500,3,9.5,30.4839204252132,0.00012296575060233295
0.8,1500,3,10.0,30.4829083244201,-0.004171368922985863
0.8,1500,4,0.0,0.0,16.6159288628141
0.8,1500,4,0.5,7.9559604710852,15.2079130215267
0.8,1500,4,1.0,15.2079130215267,13.712841695478199
0.8,1500,4,1.5,21.6688021665634,11.8779677152055
0.8,1500,4,2.0,27.0858807367322,9.9129188408649
0.8,1500,4,2.5,31.5817210074283,8.1840983777265
0.8,1500,4,3.0,35.2699791144587,6.675218384331501
0.8,1500,4,3.5,38.2569393917598,5.3698778887957985
0.8,1500,4,4.0,40.6398570032545,4.252084963083696
0.8,1500,4,4.5,42.5090243548435,3.3061234738081993
0.8,1500,4,5.0,43.9459804770627,2.516206693147005
0.8,1500,4,5.5,45.0252310479905,1.8674107141861
0.8,1500,4,6.0,45.8133911912488,1.3442071234799968
0.8,1500,4,6.5,46.3694381714705,0.9325972252701007
0.8,1500,4,7.0,46.7459884165189,0.6172176458916994
0.8,1500,4,7.5,46.9866558173622,0.3843648147677001
0.8,1500,4,8.0,47.1303532312866,0.2273041798394999
0.8,1500,4,8.5,47.2139599972017,0.11315347192800118
0.8,1500,4,9.0,47.2435067032146,0.039438309600299704
0.8,1500,4,9.5,47.253398306802,0.014121788844903449
0.8,1500,4,10.0,47.2576284920595,0.0027989521851239374
0.8,1500,5,0.0,0.0,16.6159288628141
0.8,1500,5,0.5,7.9559604710852,15.2079130215267
0.8,1500,5,1.0,15.2079130215267,13.712841695478199
0.8,1500,5,1.5,21.6688021665634,11.8779677152055
0.8,1500,5,2.0,27.0858807367322,9.9129188408649
0.8,1500,5,2.5,31.5817210074283,8.1840983777265
0.8,1500,5,3.0,35.2699791144587,6.675218384331501
0.8,1500,5,3.5,38.2569393917598,5.3698778887957985
0.8,1500,5,4.0,40.6398570032545,4.252084963083696
0.8,1500,5,4.5,42.5090243548435,3.3061234738081993
0.8,1500,5,5.0,43.9459804770627,2.516206693147005
0.8,1500,5,5.5,45.0252310479905,1.8674107141861
0.8,1500,5,6.0,45.8133911912488,1.3442071234799968
0.8,1500,5,6.5,46.3694381714705,0.9325972252701007
0.8,1500,5,7.0,46.7459884165189,0.6172176458916994
0.8,1500,5,7.5,46.9866558173622,0.3843648147677001
0.8,1500,5,8.0,47.1303532312866,0.2273041798394999
0.8,1500,5,8.5,47.2139599972017,0.11315347192800118
0.8,1500,5,9.0,47.2435067032146,0.039438309600299704
0.8,1500,5,9.5,47.253398306802,0.014121788844903449
0.8,1500,5,10.0,47.2576284920595,0.0027989521851239374
0.8,1500,6,0.0,0.0,33.3123580274728
0.8,1500,6,0.5,13.9578731372729,22.5191345216188
0.8,1500,6,1.0,22.5191345216188,14.825318636793599
0.8,1500,6,1.5,28.7831917740665,11.870414961477397
0.8,1500,6,2.0,34.3895494830962,10.594455565702699
0.8,1500,6,2.5,39.3776473397692,9.396968794113405
0.8,1500,6,3.0,43.7865182772096,8.277177170845306
0.8,1500,6,3.5,47.6548245106145,7.234177745215895
0.8,1500,6,4.0,51.0206960224255,6.267133634750898
0.8,1500,6,4.5,53.9219581453654,5.375054702289702
0.8,1500,6,5.0,56.3957507247152,4.556982838040298
0.8,1500,6,5.5,58.4789409834057,3.8118565223388003
0.8,1500,6,6.0,60.207607247054,3.1385176894469993
0.8,1500,6,6.5,61.6174586728527,2.5358521817548976
0.8,1500,6,7.0,62.7434594288089,2.0023997337940997
0.8,1500,6,7.5,63.6198584066468,1.5370184112560068
0.8,1500,6,8.0,64.2804778400649,1.137746456447701
0.8,1500,6,8.5,64.7576048630945,0.803755063203397
0.8,1500,6,9.0,65.0842329032683,0.5313842732477951
0.8,1500,6,9.5,65.2889891363423,0.3190650091172955
0.8,1500,6,10.0,65.4032979123856,0.13817009505591216
0.8,1500,7,0.0,0.0,54.34035710482691
0.8,1500,7,0.5,21.6957750727245,32.4427431860711
0.8,1500,7,1.0,32.4427431860711,17.215302427302298
0.8,1500,7,1.5,38.9110775000268,11.7781816280553
0.8,1500,7,2.0,44.2209248141264,9.618738205683002
0.8,1500,7,2.5,48.5298157057098,7.7611889342452045
0.8,1500,7,3.0,51.9821137483716,6.178181893020202
0.8,1500,7,3.5,54.70799759873,4.842793052679099
0.8,1500,7,4.0,56.8249068010507,3.7300425016448955
0.8,1500,7,4.5,58.4380401003749,2.814966271299795
0.8,1500,7,5.0,59.6398730723505,2.074758937054902
0.8,1500,7,5.5,60.5127990374298,1.4867217784292066
0.8,1500,7,6.0,61.1265948507797,1.0301740457429958
0.8,1500,7,6.5,61.5429730831728,0.6853425356827998
0.8,1500,7,7.0,61.8119373864625,0.43271163632800125
0.8,1500,7,7.5,61.9756847195008,0.25412113024769667
0.8,1500,7,8.0,62.0660585167102,0.13788399168580412
0.8,1500,7,8.5,62.1135687111866,0.06845122492280353
0.8,1500,7,9.0,62.134509741633,0.02228140919199717
0.8,1500,7,9.5,62.1358501203786,0.005841685326899437
0.8,1500,7,10.0,62.1403514269599,0.01216354099830852
0.8,1800,3,0.0,0.0,17.220575945336442
0.8,1800,3,0.5,7.65123271081106,13.3843548979078
0.8,1800,3,1.0,13.3843548979078,10.185612159099739
0.8,1800,3,1.5,17.8368448699108,8.3489164374734
0.8,1800,3,2.0,21.7332713353812,7.277453113802601
0.8,1800,3,2.5,25.1142979837134,6.286634954859
0.8,1800,3,3.0,28.0199062902402,5.3753109688747
0.8,1800,3,3.5,30.4896089525881,4.542120054275998
0.8,1800,3,4.0,32.5620263445162,3.785785556702699
0.8,1800,3,4.5,34.2753945092908,3.104815232490999
0.8,1800,3,5.0,35.6668415770072,2.497681182091
0.8,1800,3,5.5,36.7730756913818,1.9627947576463
0.8,1800,3,6.0,37.6296363346535,1.498204308685203
0.8,1800,3,6.5,38.271280000067,1.1023402683697014
0.8,1800,3,7.0,38.7319766030232,0.7723367271657011
0.8,1800,3,7.5,39.0436167272327,0.5033621022186026
0.8,1800,3,8.0,39.2353387052418,0.3127564462890007
0.8,1800,3,8.5,39.3563731735217,0.1591864672694001
0.8,1800,3,9.0,39.3945251725112,0.03970899551189433
0.8,1800,3,9.5,39.3960821690336,0.007266634741000644
0.8,1800,3,10.0,39.4017918072522,0.015571918133410634
0.8,1800,4,0.0,0.0,39.08326468537669
0.8,1800,4,0.5,16.2373724907207,25.8662252775061
0.8,1800,4,1.0,25.8662252775061,16.3449954331012
0.8,1800,4,1.5,32.5823679238219,12.166480836398502
0.8,1800,4,2.0,38.0327061139046,9.8211289094331
0.8,1800,4,2.5,42.403496833255,7.829441427097301
0.8,1800,4,3.0,45.8621475410019,6.154983758580599
0.8,1800,4,3.5,48.5584805918356,4.762259523156999
0.8,1800,4,4.0,50.6244070641589,3.6187902253701054
0.8,1800,4,4.5,52.1772708172057,2.693097967897401
0.8,1800,4,5.0,53.3175050320563,1.956281631214999
0.8,1800,4,5.5,54.1335524484207,1.3811874040045993
0.8,1800,4,6.0,54.6986924360609,0.9423948929537005
0.8,1800,4,6.5,55.0759473413744,0.6176429772434986
0.8,1800,4,7.0,55.3163354133044,0.3835594014419996
0.8,1800,4,7.5,55.4595067428164,0.22201302037469617
0.8,1800,4,8.0,55.5383484336791,0.12091264596249829
0.8,1800,4,8.5,55.5804193887789,0.05854845113740481
0.8,1800,4,9.0,55.5968968848165,0.018698224421598297
0.8,1800,4,9.5,55.5991176132005,0.005367596912897454
0.8,1800,4,10.0,55.6022644817294,0.007219877202700786
0.8,1800,5,0.0,0.0,23.881997394701703
0.8,1800,5,0.5,11.8636670824397,23.5726709350571
0.8,1800,5,1.0,23.5726709350571,21.625437596676097
0.8,1800,5,1.5,33.4891046791158,17.316875063185396
0.8,1800,5,2.0,40.8895459982425,12.858143217831604
0.8,1800,5,2.5,46.3472478969474,9.424849389209704
0.8,1800,5,3.0,50.3143953874522,6.810373803547499
0.8,1800,5,3.5,53.1576217004949,4.844922677469896
0.8,1800,5,4.0,55.1593180649221,3.3872512615606
0.8,1800,5,4.5,56.5448729620555,2.3239893132058
0.8,1800,5,5.0,57.4833073781279,1.560419113232001
0.8,1800,5,5.5,58.1052920752875,1.023672263511905
0.8,1800,5,6.0,58.5069796416398,0.6534545356999999
0.8,1800,5,6.5,58.7587466109875,0.4050305580172946
0.8,1800,5,7.0,58.9120101996571,0.24219201268219592
0.8,1800,5,7.5,59.0009386236697,0.1390306048327048
0.8,1800,5,8.0,59.0510408044898,0.07726514106700222
0.8,1800,5,8.5,59.0782037647367,0.03990437873380159
0.8,1800,5,9.0,59.0909451832236,0.018547420062297704
0.8,1800,5,9.5,59.096751184799,0.008274686015795396
0.8,1800,5,10.0,59.0992198692394,0.0016000517458181207
0.8,1800,6,0.0,0.0,21.399519948949095
0.8,1800,6,0.5,10.7790583231068,21.7167133434781
0.8,1800,6,1.0,21.7167133434781,20.6015685546652
0.8,1800,6,1.5,31.380626877772,17.098257336000398
0.8,1800,6,2.0,38.8149706794785,13.205396193360603
0.8,1800,6,2.5,44.5860230711326,10.191077491531402
0.8,1800,6,3.0,49.0060481710099,7.7577814441719966
0.8,1800,6,3.5,52.3438045153046,5.816134576372598
0.8,1800,6,4.0,54.8221827473825,4.2865209797137
0.8,1800,6,4.5,56.6303254950183,3.0994791772073
0.8,1800,6,5.0,57.9216619245898,2.1925718167771038
0.8,1800,6,5.5,58.8228973117954,1.5133531612866022
0.8,1800,6,6.0,59.4350150858764,1.0146845765626011
0.8,1800,6,6.5,59.837581888358,0.6583483234447982
0.8,1800,6,7.0,60.0933634093212,0.41032920311170074
0.8,1800,6,7.5,60.2479110914697,0.24389085040200342
0.8,1800,6,8.0,60.3372542597232,0.138997654065399
0.8,1800,6,8.5,60.3869087455351,0.07187709297449629
0.8,1800,6,9.0,60.4091313526977,0.03192981010749918
0.8,1800,6,9.5,60.4188385556426,0.013557588066703374
0.8,1800,6,10.0,60.4226889407644,0.0018439524205007274
0.8,1800,7,0.0,0.0,45.659502161458796
0.8,1800,7,0.5,20.0944913288143,34.7184631537984
0.8,1800,7,1.0,34.7184631537984,24.492214309595
0.8,1800,7,1.5,44.5867056384093,16.5533336847312
0.8,1800,7,2.0,51.2717968385296,11.169473492078104
0.8,1800,7,2.5,55.7561791304874,7.4571946649748995
0.8,1800,7,3.0,58.7289915035045,4.924860847696898
0.8,1800,7,3.5,60.6810399781843,3.214347812639595
0.8,1800,7,4.0,61.9433393161441,2.0714419650336993
0.8,1800,7,4.5,62.752481943218,1.3182577880933053
0.8,1800,7,5.0,63.2615971042374,0.8263972381390019
0.8,1800,7,5.5,63.578879181357,0.5110789174754942
0.8,1800,7,6.0,63.7726760217129,0.31059410915129604
0.8,1800,7,6.5,63.8894732905083,0.18589127116950266
0.8,1800,7,7.0,63.9585672928824,0.10907345445060201
0.8,1800,7,7.5,63.9985467449589,0.06283927146029811
0.8,1800,7,8.0,64.0214065643427,0.03545372653950096
0.8,1800,7,8.5,64.0340004714984,0.019501615476798406
0.8,1800,7,9.0,64.0409081798195,0.010561605346893543
0.8,1800,7,9.5,64.0445620768453,0.005495904979298416
0.8,1800,7,10.0,64.0464040847988,0.0018721268347121622
1.0,1500,3,0.0,0.0,5.227360523849869
1.0,1500,3,0.5,2.61338690838956,5.22618710970837
1.0,1500,3,1.0,5.22618710970837,4.94703153345271
1.0,1500,3,1.5,7.56041844184227,4.39729641669993
1.0,1500,3,2.0,9.6234835264083,3.878307960893631
1.0,1500,3,2.5,11.4387264027359,3.3942374372174005
1.0,1500,3,3.0,13.0177209636257,2.9338760558969987
1.0,1500,3,3.5,14.3726024586329,2.498191713941999
1.0,1500,3,4.0,15.5159126775677,2.0883659550065996
1.0,1500,3,4.5,16.4609684136395,1.7057575149721007
1.0,1500,3,5.0,17.2216701925398,1.3519315726864995
1.0,1500,3,5.5,17.812899986326,1.0292352174297008
1.0,1500,3,6.0,18.2509054099695,0.739350055958802
1.0,1500,3,6.5,18.5522500422848,0.48388294253599895
1.0,1500,3,7.0,18.7347883525055,0.2688123984229982
1.0,1500,3,7.5,18.8210624407078,0.12332594833739918
1.0,1500,3,8.0,18.8581143008429,0.03313229033510012
1.0,1500,3,8.5,18.8541947310429,0.00025269943190053823
1.0,1500,3,9.0,18.8583670002748,0.011610414115299506
1.0,1500,3,9.5,18.8658051451582,-0.0026695035859987115
1.0,1500,3,10.0,18.8556974966888,-0.03776109029159258
1.0,1500,4,0.0,0.0,17.287290549820202
1.0,1500,4,0.5,8.608702853603,17.1475208645918
1.0,1500,4,1.0,17.1475208645918,15.8751943270937
1.0,1500,4,1.5,24.4838971806967,12.9593554306315
1.0,1500,4,2.0,30.1068762952233,9.880973574977396
1.0,1500,4,2.5,34.3648707556741,7.433142198325697
1.0,1500,4,3.0,37.540018493549,5.505444642149101
1.0,1500,4,3.5,39.8703153978232,4.007522291578901
1.0,1500,4,4.0,41.5475407851279,2.8606036014450993
1.0,1500,4,4.5,42.7309189992683,1.9977785014705987
1.0,1500,4,5.0,43.5453192865985,1.3602554998934053
1.0,1500,4,5.5,44.0911744991617,0.9002600599422976
1.0,1500,4,6.0,44.4455793465408,0.5758752673146006
1.0,1500,4,6.5,44.6670497664763,0.3548803818273001
1.0,1500,4,7.0,44.8004597283681,0.20777499085179585
1.0,1500,4,7.5,44.8748247573281,0.11446827817730565
1.0,1500,4,8.0,44.9149280065454,0.06044167622240337
1.0,1500,4,8.5,44.9352664335505,0.028066178171400225
1.0,1500,4,9.0,44.9429941847168,0.010661854258700032
1.0,1500,4,9.5,44.9459282878092,0.00413401342739661
1.0,1500,4,10.0,44.9471281981442,0.0006656279126033837
1.0,1500,5,0.0,0.0,37.859596256854005
1.0,1500,5,0.5,15.6019691125987,24.5482801935408
1.0,1500,5,1.0,24.5482801935408,15.3361445794924
1.0,1500,5,1.5,30.9381136920911,11.818391008027202
1.0,1500,5,2.0,36.366671201568,9.996985142847699
1.0,1500,5,2.5,40.9350988349388,8.372345033796996
1.0,1500,5,3.0,44.739016235365,6.933514045880898
1.0,1500,5,3.5,47.8686128808197,5.669125727788199
1.0,1500,5,4.0,50.4081419631532,4.568277512372703
1.0,1500,5,4.5,52.4368903931924,3.619575623466801
1.0,1500,5,5.0,54.02771758662,2.8119886513714007
1.0,1500,5,5.5,55.2488790445638,2.134232053948203
1.0,1500,5,6.0,56.1619496405682,1.574975182560003
1.0,1500,5,6.5,56.8238542271238,1.1232253307388973
1.0,1500,5,7.0,57.2851749713071,0.7671364149396993
1.0,1500,5,7.5,57.5909906420635,0.49421710764899984
1.0,1500,5,8.0,57.7793920789561,0.30452092252780005
1.0,1500,5,8.5,57.8955115645913,0.16609763001630284
1.0,1500,5,9.0,57.9454897089724,0.0597965215201981
1.0,1500,5,9.5,57.9553080861115,0.02105796516890024
1.0,1500,5,10.0,57.9665476741413,0.023900386950302277
1.0,1500,6,0.0,0.0,57.152749914295406
1.0,1500,6,0.5,21.5993317599222,29.2445771253934
1.0,1500,6,1.0,29.2445771253934,12.072888494066298
1.0,1500,6,1.5,33.6722202539885,8.450748204329102
1.0,1500,6,2.0,37.6953253297225,7.658639492403005
1.0,1500,6,2.5,41.3308597463915,6.9007282437117965
1.0,1500,6,3.0,44.5960535734343,6.177480091212999
1.0,1500,6,3.5,47.5083398376045,5.489381864741105
1.0,1500,6,4.0,50.0854354381754,4.836999999244796
1.0,1500,6,4.5,52.3453398368493,4.220891540809497
1.0,1500,6,5.0,54.3063269789849,3.6417497106309042
1.0,1500,6,5.5,55.9870895474802,3.1002348611748047
1.0,1500,6,6.0,57.4065618401597,2.597209064366595
1.0,1500,6,6.5,58.5842986118468,2.133510528107699
1.0,1500,6,7.0,59.5400723682674,1.7102085083697034
1.0,1500,6,7.5,60.2945071202165,1.328530965528394
1.0,1500,6,8.0,60.8686033337958,0.9897264308686005
1.0,1500,6,8.5,61.2842335510851,0.6955861845493061
1.0,1500,6,9.0,61.5641895183451,0.4539443793810989
1.0,1500,6,9.5,61.7381779304662,0.25337741724379725
1.0,1500,6,10.0,61.8175669355889,0.06417860324700086
1.0,1500,7,0.0,0.0,69.2306369012916
1.0,1500,7,0.5,25.9132688621804,34.42243854743
1.0,1500,7,1.0,34.42243854743,13.067474857434998
1.0,1500,7,1.5,38.9807437196154,8.499486902708604
1.0,1500,7,2.0,42.9219254501386,7.316997722677101
1.0,1500,7,2.5,46.2977414422925,6.2368981288177
1.0,1500,7,3.0,49.1588235789563,5.256441636892802
1.0,1500,7,3.5,51.5541830791853,4.372686433195398
1.0,1500,7,4.0,53.5315100121517,3.582765633529
1.0,1500,7,4.5,55.1369487127143,2.8833652262415015
1.0,1500,7,5.0,56.4148752383932,2.2714159288985982
1.0,1500,7,5.5,57.4083646416129,1.7431379145560015
1.0,1500,7,6.0,58.1580131529492,1.2951739165245044
1.0,1500,7,6.5,58.7035385581374,0.9232429557154944
1.0,1500,7,7.0,59.0812561086647,0.623446839376598
1.0,1500,7,7.5,59.326985397514,0.38962073202850434
1.0,1500,7,8.0,59.4708768406932,0.21305285615910208
1.0,1500,7,8.5,59.5400382536731,0.10407201968060065
1.0,1500,7,9.0,59.5749488603738,0.030199917926296393
1.0,1500,7,9.5,59.5702381715994,0.003837909965398012
1.0,1500,7,10.0,59.5787867703392,0.03035648499379562
1.0,1800,3,0.0,0.0,29.463489064220802
1.0,1800,3,0.5,12.1736410083393,19.2310749691364
1.0,1800,3,1.0,19.2310749691364,11.8812942584091
1.0,1800,3,1.5,24.0549352667484,8.846571933364899
1.0,1800,3,2.0,28.0776469025013,7.338290384682299
1.0,1800,3,2.5,31.3932256514307,6.012232496104197
1.0,1800,3,3.0,34.0898793986055,4.856813462897097
1.0,1800,3,3.5,36.2500391143278,3.859970771350703
1.0,1800,3,4.0,37.9498501699562,3.0102674398383016
1.0,1800,3,4.5,39.2603065541661,2.295628913990697
1.0,1800,3,5.0,40.2454790839469,1.7045767945189993
1.0,1800,3,5.5,40.9648833486851,1.2251980915919063
1.0,1800,3,6.0,41.4706771755388,0.8457612158320984
1.0,1800,3,6.5,41.8106445645172,0.5531804705046994
1.0,1800,3,7.0,42.0238576460435,0.34466547380300483
1.0,1800,3,7.5,42.1553100383202,0.1961768376384967
1.0,1800,3,8.0,42.220034483682,0.0781121580535995
1.0,1800,3,8.5,42.2334221963738,0.028965088170501474
1.0,1800,3,9.0,42.2489995718525,0.012437002515099493
1.0,1800,3,9.5,42.2458591988889,0.001515344848399991
1.0,1800,3,10.0,42.2505149167009,0.017107526399605888
1.0,1800,4,0.0,0.0,45.520678510427494
1.0,1800,4,0.5,18.3506759450651,27.8820252698329
1.0,1800,4,1.0,27.8820252698329,15.653938436683902
1.0,1800,4,1.5,34.004614381749,11.031718699188097
1.0,1800,4,2.0,38.913743969021,8.794840478104803
1.0,1800,4,2.5,42.7994548598538,6.917689235297104
1.0,1800,4,3.0,45.8314332043181,5.359592879610794
1.0,1800,4,3.5,48.1590477394646,4.0813815987173
1.0,1800,4,4.0,49.9128148030354,3.0477531549167054
1.0,1800,4,4.5,51.2068008943813,2.2245928743400967
1.0,1800,4,5.0,52.1374076773755,1.5814593712946987
1.0,1800,4,5.5,52.788260265676,1.0895299205964974
1.0,1800,4,6.0,53.226937597972,0.7229645704170977
1.0,1800,4,6.5,53.5112248360931,0.45757945393820165
1.0,1800,4,7.0,53.6845170519102,0.2764485268197987
1.0,1800,4,7.5,53.7876733629129,0.1559315016789995
1.0,1800,4,8.0,53.8404485535892,0.07147564062019995
1.0,1800,4,8.5,53.8591490035331,0.030083029533905403
1.0,1800,4,9.0,53.8705315831231,0.011182446190204587
1.0,1800,4,9.5,53.8703314497233,0.0029953288442001735
1.0,1800,4,10.0,53.8735269119673,0.009786520131804366
1.0,1800,5,0.0,0.0,43.816713418976306
1.0,1800,5,0.5,18.2121241015953,29.0317829874049
1.0,1800,5,1.0,29.0317829874049,18.2826372999696
1.0,1800,5,1.5,36.4947614015649,13.461770146251698
1.0,1800,5,2.0,42.4935531336566,10.7634306981398
1.0,1800,5,2.5,47.2581920997047,8.499002227920805
1.0,1800,5,3.0,50.9925553615774,6.618214202111503
1.0,1800,5,3.5,53.8764063018162,5.073041372021898
1.0,1800,5,4.0,56.0655967335993,3.820211817773199
1.0,1800,5,4.5,57.6966181195894,2.818722745044198
1.0,1800,5,5.0,58.8843194786435,2.0315605974037965
1.0,1800,5,5.5,59.7281787169932,1.4247931059686039
1.0,1800,5,6.0,60.3091125846121,0.9673205463430037
1.0,1800,5,6.5,60.6954992633362,0.6322707300024959
1.0,1800,5,7.0,60.9413833146146,0.3936161801689977
1.0,1800,5,7.5,61.0891154435052,0.23005870730800382
1.0,1800,5,8.0,61.1714420219226,0.12786789679879718
1.0,1800,5,8.5,61.216983340304,0.06382336420679735
1.0,1800,5,9.0,61.2352653861294,0.0221474289184016
1.0,1800,5,9.5,61.2391307692224,0.007591090141097823
1.0,1800,5,10.0,61.2428564762705,0.007311738051285488
1.0,1800,6,0.0,0.0,52.27057123181811
1.0,1800,6,0.5,20.8650823479051,31.1897581598023
1.0,1800,6,1.0,31.1897581598023,17.137971850366398
1.0,1800,6,1.5,38.0030541982715,12.615881539548102
1.0,1800,6,2.0,43.8056396993504,10.6994404966336
1.0,1800,6,2.5,48.7024946949051,8.987489013528702
1.0,1800,6,3.0,52.7931287128791,7.468637360531801
1.0,1800,6,3.5,56.1711320554369,6.1311641147241005
1.0,1800,6,4.0,58.9242928276032,4.963824293354001
1.0,1800,6,4.5,61.1349563487909,3.9548218194335973
1.0,1800,6,5.0,62.8791146470368,3.092910445212503
1.0,1800,6,5.5,64.2278667940034,2.3663270008516974
1.0,1800,6,6.0,65.2454416478885,1.7636702559675967
1.0,1800,6,6.5,65.991537049971,1.273398722739401
1.0,1800,6,7.0,66.5188403706279,0.8837509558421033
1.0,1800,6,7.5,66.8752880058131,0.5841790380675036
1.0,1800,6,8.0,67.1030194086954,0.36125476454709826
1.0,1800,6,8.5,67.2365427703602,0.20383379107859412
1.0,1800,6,9.0,67.306853199774,0.09067103364419893
1.0,1800,6,9.5,67.3272138040044,0.0368647471264012
1.0,1800,6,10.0,67.3437179469004,0.029151824457585462
1.0,1800,7,0.0,0.0,58.456305506784595
1.0,1800,7,0.5,23.2479129661123,34.5353463576646
1.0,1800,7,1.0,34.5353463576646,18.607990005536703
1.0,1800,7,1.5,41.855902971649,13.409492374411997
1.0,1800,7,2.0,47.9448387320766,11.101308298918298
1.0,1800,7,2.5,52.9572112705673,9.0914796835145
1.0,1800,7,3.0,57.0363184155911,7.355861099506001
1.0,1800,7,3.5,60.3130723700733,5.870429657745305
1.0,1800,7,4.0,62.9067480733364,4.612686659734493
1.0,1800,7,4.5,64.9257590298078,3.5599728859983912
1.0,1800,7,5.0,66.4667209593348,2.691256498369512
1.0,1800,7,5.5,67.6170155281773,1.9855283598763123
1.0,1800,7,6.0,68.4522493192111,1.4231345294417963
1.0,1800,7,6.5,69.0401500576191,0.9850984592358003
1.0,1800,7,7.0,69.4373477784469,0.6530592956178936
1.0,1800,7,7.5,69.693209353237,0.4085650635215927
1.0,1800,7,8.0,69.8459128419685,0.24412598196140323
1.0,1800,7,8.5,69.9373353351984,0.13259838875819696
1.0,1800,7,9.0,69.9785112307267,0.048991431814400244
1.0,1800,7,9.5,69.9863267670128,0.017097536149108805
1.0,1800,7,10.0,69.9956087668758,0.020030463302902035
1.0,2100,3,0.0,0.0,26.914092130199002
1.0,2100,3,0.5,11.6026610625059,19.4965521198246
1.0,2100,3,1.0,19.4965521198246,13.8541692678356
1.0,2100,3,1.5,25.4568303303415,10.9115257245336
1.0,2100,3,2.0,30.4080778443582,9.019032559027199
1.0,2100,3,2.5,34.4758628893687,7.368081908957702
1.0,2100,3,3.0,37.7761597533159,5.940488874461103
1.0,2100,3,3.5,40.4163517638298,4.717835565085096
1.0,2100,3,4.0,42.493995318401,3.682649018562401
1.0,2100,3,4.5,44.0990007823922,2.8173780737198015
1.0,2100,3,5.0,45.3113733921208,2.1050598352035976
1.0,2100,3,5.5,46.2040606175958,1.5292744162512975
1.0,2100,3,6.0,46.8406478083721,1.0735433156992968
1.0,2100,3,6.5,47.2776039332951,0.7230248245974025
1.0,2100,3,7.0,47.5636726329695,0.4609186037219999
1.0,2100,3,7.5,47.7385225370171,0.2724673679011005
1.0,2100,3,8.0,47.8361400008706,0.15066705042570305
1.0,2100,3,8.5,47.8891895874428,0.07160804738609983
1.0,2100,3,9.0,47.9077480482567,0.020511674193798513
1.0,2100,3,9.5,47.9097012616366,0.004774378238202814
1.0,2100,3,10.0,47.9125224264949,0.006510281195026835
1.0,2100,4,0.0,0.0,45.469089365194606
1.0,2100,4,0.5,17.6149709518703,24.9907944422866
1.0,2100,4,1.0,24.9907944422866,12.1544366282385
1.0,2100,4,1.5,29.7694075801088,8.967934746242499
1.0,2100,4,2.0,33.9587291885291,7.832233462321998
1.0,2100,4,2.5,37.6016410424308,6.781752188120905
1.0,2100,4,3.0,40.74048137665,5.815078629124599
1.0,2100,4,3.5,43.4167196715554,4.930666621439997
1.0,2100,4,4.0,45.67114799809,4.127037657603104
1.0,2100,4,4.5,47.5437573291585,3.402407109082297
1.0,2100,4,5.0,49.0735551071723,2.7551736765077948
1.0,2100,4,5.5,50.2989310056663,2.1832588984661
1.0,2100,4,6.0,51.2568140056384,1.6848650496244062
1.0,2100,4,6.5,51.9837960552907,1.2575892417036059
1.0,2100,4,7.0,52.514403247342,0.8992287430575985
1.0,2100,4,7.5,52.8830247983483,0.6039790724245009
1.0,2100,4,8.0,53.1183823197665,0.3850666024426985
1.0,2100,4,8.5,53.268091400791,0.22096958437709446
1.0,2100,4,9.0,53.3393519041436,0.07033411201329898
1.0,2100,4,9.5,53.3384255128043,0.015254740516205345
1.0,2100,4,10.0,53.3546066446598,0.04946978690580295
1.0,2100,5,0.0,0.0,30.7905888312883
1.0,2100,5,0.5,13.391231096056,22.7743355529357
1.0,2100,5,1.0,22.7743355529357,16.8226095488581
1.0,2100,5,1.5,30.2138406449141,13.759256172397702
1.0,2100,5,2.0,36.5335917253334,11.6401878276046
1.0,2100,5,2.5,41.8540284725187,9.7545292647088
1.0,2100,5,3.0,46.2881209900422,8.088136438855102
1.0,2100,5,3.5,49.9421649113738,6.6265640770036995
1.0,2100,5,4.0,52.9146850670459,5.355855519088699
1.0,2100,5,4.5,55.2980204304625,4.261901960895997
1.0,2100,5,5.0,57.1765870279419,3.330759515331401
1.0,2100,5,5.5,58.6287799457939,2.5488054023223015
1.0,2100,5,6.0,59.7253924302642,1.9020732902951991
1.0,2100,5,6.5,60.5308532360891,1.3775093051756997
1.0,2100,5,7.0,61.1029017354399,0.9611163099877018
1.0,2100,5,7.5,61.4919695460768,0.6409445661031015
1.0,2100,5,8.0,61.743846301543,0.40141952444439966
1.0,2100,5,8.5,61.8933890705212,0.23064278328139665
1.0,2100,5,9.0,61.9744890848244,0.12117738228419483
1.0,2100,5,9.5,62.0145664528054,0.052887314269604246
1.0,2100,5,10.0,62.027376399094,-0.0016475291151891724
1.0,2100,6,0.0,0.0,48.814722000063796
1.0,2100,6,0.5,20.094587532938,31.5636281316882
1.0,2100,6,1.0,31.5636281316882,19.217638481566297
1.0,2100,6,1.5,39.3122260145043,14.1350117751165
1.0,2100,6,2.0,45.6986399068047,11.5944538375266
1.0,2100,6,2.5,50.9066798520309,9.4052033475486
1.0,2100,6,3.0,55.1038432543533,7.535148048813099
1.0,2100,6,3.5,58.441827900844,5.952686371050703
1.0,2100,6,4.0,61.056529625404,4.628555121021506
1.0,2100,6,4.5,63.0703830218655,3.5339547353883987
1.0,2100,6,5.0,64.5904843607924,2.6421889373263028
1.0,2100,6,5.5,65.7125719591918,1.9275941086263941
1.0,2100,6,6.0,66.5180784694188,1.3659480887829005
1.0,2100,6,6.5,67.0785200479747,0.9350369620392058
1.0,2100,6,7.0,67.453115431458,0.613125605700688
1.0,2100,6,7.5,67.6916456536754,0.3799605005808928
1.0,2100,6,8.0,67.8330759320389,0.22585230794960864
1.0,2100,6,8.5,67.917497961625,0.12100445404421123
1.0,2100,6,9.0,67.9540803860831,0.04579754321679275
1.0,2100,6,9.5,67.9632955048418,0.017405693523286914
1.0,2100,6,10.0,67.9714860796064,0.01535660553510354
1.0,2100,7,0.0,0.0,68.12996643324689
1.0,2100,7,0.5,26.6602324656392,38.5109634293099
1.0,2100,7,1.0,38.5109634293099,19.135551998159603
1.0,2100,7,1.5,45.7957844637988,13.269441537589998
1.0,2100,7,2.0,51.7804049668999,10.846980602846997
1.0,2100,7,2.5,56.6427650666458,8.765139678020496
1.0,2100,7,3.0,60.5455446449204,6.992052570827397
1.0,2100,7,3.5,63.6348176374732,5.496668473511704
1.0,2100,7,4.0,66.0422131184321,4.250210980799004
1.0,2100,7,4.5,67.8850286182722,3.224201123183093
1.0,2100,7,5.0,69.2664142416152,2.3927112189802955
1.0,2100,7,5.5,70.2777398372525,1.7301325335854045
1.0,2100,7,6.0,70.9965467752006,1.2133100314298986
1.0,2100,7,6.5,71.4910498686824,0.8198980177620001
1.0,2100,7,7.0,71.8164447929626,0.5293787977244051
1.0,2100,7,7.5,72.0204286664068,0.3215285350409971
1.0,2100,7,8.0,72.1379733280036,0.18391589112279405
1.0,2100,7,8.5,72.2043445575296,0.09660819980889812
1.0,2100,7,9.0,72.2345815278125,0.03514502737149883
1.0,2100,7,9.5,72.2394895849011,0.010909802659512025
1.0,2100,7,10.0,72.245491330472,0.013097179624125488
1.0,2400,3,0.0,0.0,36.8590678195818
1.0,2400,3,0.5,15.0617291926331,23.3878489509506
1.0,2400,3,1.0,23.3878489509506,14.059272694667301
1.0,2400,3,1.5,29.1210018873004,10.540162026075102
1.0,2400,3,2.0,33.9280109770257,8.794657086673297
1.0,2400,3,2.5,37.9156589739737,7.256037628043202
1.0,2400,3,3.0,41.1840486050689,5.910905098250204
1.0,2400,3,3.5,43.8265640722239,4.7454651824321985
1.0,2400,3,4.0,45.9295137875011,3.746618995933595
1.0,2400,3,4.5,47.5731830681575,2.900727650515101
1.0,2400,3,5.0,48.8302414380162,2.1948136167813033
1.0,2400,3,5.5,49.7679966849388,1.6155812719326974
1.0,2400,3,6.0,50.4458227099489,1.150006241492001
1.0,2400,3,6.5,50.9180029264308,0.7855783671289984
1.0,2400,3,7.0,51.2314010770779,0.5084697123175985
1.0,2400,3,7.5,51.4264726387484,0.305131758001302
1.0,2400,3,8.0,51.5365328350792,0.16986602965530295
1.0,2400,3,8.5,51.5963386684037,0.08309668996889741
1.0,2400,3,9.0,51.6196295250481,0.023175391882297447
1.0,2400,3,9.5,51.619514060286,0.004448408740906018
1.0,2400,3,10.0,51.624077933789,0.013807085271096753
1.0,2400,4,0.0,0.0,43.715659131895706
1.0,2400,4,0.5,17.6083699739054,26.7178207637259
1.0,2400,4,1.0,26.7178207637259,15.798524406402297
1.0,2400,4,1.5,33.4068943803077,12.592749997982597
1.0,2400,4,2.0,39.3105707617085,11.078998044461805
1.0,2400,4,2.5,44.4858924247695,9.678051445952
1.0,2400,4,3.0,48.9886222076605,8.387293485727895
1.0,2400,4,3.5,52.8731859104974,7.203877995203605
1.0,2400,4,4.0,56.1925002028641,6.125049455165204
1.0,2400,4,4.5,58.9982353656626,5.147745463909899
1.0,2400,4,5.0,61.340245666774,4.2689702282618
1.0,2400,4,5.5,63.2672055939244,3.485453742804303
1.0,2400,4,6.0,64.8256994095783,2.7938215016148007
1.0,2400,4,6.5,66.0610270955392,2.1906175943042996
1.0,2400,4,7.0,67.0163170038826,1.671910164699696
1.0,2400,4,7.5,67.7329372602389,1.2340884187347
1.0,2400,4,8.0,68.2504054226173,0.8722991574617964
1.0,2400,4,8.5,68.6052364177007,0.5848209203826968
1.0,2400,4,9.0,68.835226343,0.35827791905900597
1.0,2400,4,9.5,68.9635143367597,0.19401342663039145
1.0,2400,4,10.0,69.0292397696304,0.06888830485236497
1.0,2400,5,0.0,0.0,40.41728035335301
1.0,2400,5,0.5,17.3485461670484,28.9769043148406
1.0,2400,5,1.0,28.9769043148406,20.2686730744116
1.0,2400,5,1.5,37.61721924146,15.6401632981629
1.0,2400,5,2.0,44.6170676130035,12.608433347562098
1.0,2400,5,2.5,50.2256525890221,10.047174283685898
1.0,2400,5,3.0,54.6642418966894,7.903894865576703
1.0,2400,5,3.5,58.1295474545988,6.1284669409998
1.0,2400,5,4.0,60.7927088376892,4.675223221189803
1.0,2400,5,4.5,62.8047706757886,3.5012050735329083
1.0,2400,5,5.0,64.2939139112221,2.5669085536984966
1.0,2400,5,5.5,65.3716792294871,1.8365164876801998
1.0,2400,5,6.0,66.1304303989023,1.2765274297591986
1.0,2400,5,6.5,66.6482066592463,0.8579486451101985
1.0,2400,5,7.0,66.9883790440125,0.5531311107734069
1.0,2400,5,7.5,67.2013377700197,0.33852421669489274
1.0,2400,5,8.0,67.3269032607074,0.19882990047989324
1.0,2400,5,8.5,67.4001676704996,0.10523614675160786
1.0,2400,5,9.0,67.432139407459,0.04340095500259622
1.0,2400,5,9.5,67.4435686255022,0.018142475021988957
1.0,2400,5,10.0,67.450281882481,0.008710552893205659
1.0,2400,6,0.0,0.0,52.4848686640799
1.0,2400,6,0.5,22.0755973435354,35.8175207100617
1.0,2400,6,1.0,35.8175207100617,23.299126763575202
1.0,2400,6,1.5,45.3747241071106,17.0402662720303
1.0,2400,6,2.0,52.857786982092,13.272383545867697
1.0,2400,6,2.5,58.6471076529783,10.209275610542697
1.0,2400,6,3.0,63.0670625926347,7.746152728022203
1.0,2400,6,3.5,66.3932603810005,5.787697405583003
1.0,2400,6,4.0,68.8547599982177,4.251391609668701
1.0,2400,6,4.5,70.6446519906692,3.0634641066796036
1.0,2400,6,5.0,71.9182241048973,2.1599172943219003
1.0,2400,6,5.5,72.8045692849911,1.4858081599748942
1.0,2400,6,6.0,73.4040322648722,0.9930271036092932
1.0,2400,6,6.5,73.7975963886004,0.6423988464622994
1.0,2400,6,7.0,74.0464311113345,0.3992255421066062
1.0,2400,6,7.5,74.196821930707,0.2362993873384056
1.0,2400,6,8.0,74.2827304986729,0.1347623421668942
1.0,2400,6,8.5,74.3315842728739,0.07058413613219727
1.0,2400,6,9.0,74.3533146348051,0.03017764436270909
1.0,2400,6,9.5,74.3617619172366,0.012815669679596908
1.0,2400,6,10.0,74.3661303044847,0.004657879312773616
1.0,2400,7,0.0,0.0,65.8413165838223
1.0,2400,7,0.5,26.4637633686242,40.0137368906745
1.0,2400,7,1.0,40.0137368906745,22.381849736383202
1.0,2400,7,1.5,48.8456131050074,15.951164761248002
1.0,2400,7,2.0,55.9649016519225,12.793644422616701
1.0,2400,7,2.5,61.6392575276241,10.141448311107396
1.0,2400,7,3.0,66.1063499630299,7.935259205540795
1.0,2400,7,3.5,69.5745167331649,6.1187977249146
1.0,2400,7,4.0,72.2251476879445,4.641609949413706
1.0,2400,7,4.5,74.2161266825786,3.4558589020190027
1.0,2400,7,5.0,75.6810065899635,2.5189597369091956
1.0,2400,7,5.5,76.7350864194878,1.7914458866159038
1.0,2400,7,6.0,77.4724524765794,1.2379474719217995
1.0,2400,7,6.5,77.9730338914096,0.8271527716005949
1.0,2400,7,7.0,78.29960524818,0.5304072520464018
1.0,2400,7,7.5,78.503441143456,0.3227755579626006
1.0,2400,7,8.0,78.6223808061426,0.18837509746940384
1.0,2400,7,8.5,78.6918162409254,0.10103243917619409
1.0,2400,7,9.0,78.7234132453188,0.041126364390592585
1.0,2400,7,9.5,78.732942605316,0.0162874490354028
1.0,2400,7,10.0,78.7397006943542,0.010744907117384628
1.2,1500,3,0.0,0.0,24.37622497313584
1.2,1500,3,0.5,9.98915024201521,15.580375994925
1.2,1500,3,1.0,15.580375994925,9.667400818142891
1.2,1500,3,1.5,19.6565510601581,7.714352651788602
1.2,1500,3,2.0,23.2947286467136,6.8622961072635995
1.2,1500,3,2.5,26.5188471674217,6.0582368899709
1.2,1500,3,3.0,29.3529655366845,5.302446811734001
1.2,1500,3,3.5,31.8212939791557,4.595141246630696
1.2,1500,3,4.0,33.9481067833152,3.9366604373017005
1.2,1500,3,4.5,35.7579544164574,3.327251874974202
1.2,1500,3,5.0,37.2753586582894,2.767313794865096
1.2,1500,3,5.5,38.5252682113225,2.257181119817105
1.2,1500,3,6.0,39.5325397781065,1.7972707043327034
1.2,1500,3,6.5,40.3225389156552,1.3881599374449962
1.2,1500,3,7.0,40.9206997155515,1.030142942964801
1.2,1500,3,7.5,41.35268185862,0.7281084050554014
1.2,1500,3,8.0,41.6488081206069,0.466218790884497
1.2,1500,3,8.5,41.8189006495045,0.26672762041430076
1.2,1500,3,9.0,41.9155357410212,0.10642603846299892
1.2,1500,3,9.5,41.9253266879675,0.029722516223195328
1.2,1500,3,10.0,41.9452582572444,0.050003760884393955
1.2,1500,4,0.0,0.0,31.7623526150444
1.2,1500,4,0.5,13.8625959434544,23.6880311587732
1.2,1500,4,1.0,23.6880311587732,16.8674832984373
1.2,1500,4,1.5,30.7300792418917,12.393624937088802
1.2,1500,4,2.0,36.081656095862,9.3631402346601
1.2,1500,4,2.5,40.0932194765518,6.972335004458699
1.2,1500,4,3.0,43.0539911003207,5.1103624995949986
1.2,1500,4,3.5,45.2035819761468,3.679458718768899
1.2,1500,4,4.0,46.7334498190896,2.597119062898898
1.2,1500,4,4.5,47.8007010390457,1.7925960205144023
1.2,1500,4,5.0,48.526045839604,1.205898043743204
1.2,1500,4,5.5,49.0065990827889,0.7881723552604001
1.2,1500,4,6.0,49.3142181948644,0.4976662440386974
1.2,1500,4,6.5,49.5042653268276,0.3019031681951958
1.2,1500,4,7.0,49.6161213630596,0.17642961998539874
1.2,1500,4,7.5,49.680694946813,0.09667922970410103
1.2,1500,4,8.0,49.7128005927637,0.04778660012389935
1.2,1500,4,8.5,49.7284815469369,0.022044828648802195
1.2,1500,4,9.0,49.7348454214125,0.008295282992001773
1.2,1500,4,9.5,49.7367768299289,0.0031131079418997842
1.2,1500,4,10.0,49.7379585293544,0.0016136897601199962
1.2,1500,5,0.0,0.0,46.513573715141305
1.2,1500,5,0.5,18.0553453456058,25.7078076672819
1.2,1500,5,1.0,25.7078076672819,12.5792996135666
1.2,1500,5,1.5,30.6346449591724,9.3129186184925
1.2,1500,5,2.0,35.0207262857744,8.264058152239198
1.2,1500,5,2.5,38.8987031114116,7.280421861397201
1.2,1500,5,3.0,42.3011481471716,6.361660320200002
1.2,1500,5,3.5,45.2603634316116,5.5073655445343945
1.2,1500,5,4.0,47.808513691706,4.717196526712598
1.2,1500,5,4.5,49.9775599583242,3.9906520481446037
1.2,1500,5,5.0,51.7991657398506,3.3273781094681993
1.2,1500,5,5.5,53.3049380677924,2.726764198465702
1.2,1500,5,6.0,54.5259299383163,2.188414134487104
1.2,1500,5,6.5,55.4933522022795,1.7116196592040964
1.2,1500,5,7.0,56.2375495975204,1.2958297561333936
1.2,1500,5,7.5,56.7891819584129,0.940524571707698
1.2,1500,5,8.0,57.1780741692281,0.6442245088868006
1.2,1500,5,8.5,57.4334064672997,0.4054509685398031
1.2,1500,5,9.0,57.5835251377679,0.21869380147479944
1.2,1500,5,9.5,57.6521002687745,0.10059496872860052
1.2,1500,5,10.0,57.6841201064965,0.027484382159421727
1.2,1500,6,0.0,0.0,54.8924684286576
1.2,1500,6,0.5,20.6736212728709,27.802016662826
1.2,1500,6,1.0,27.802016662826,11.6555248690015
1.2,1500,6,1.5,32.3291461418724,8.691478156564202
1.2,1500,6,2.0,36.4934948193902,7.9778952826926
1.2,1500,6,2.5,40.307041424565,7.288522488654301
1.2,1500,6,3.0,43.7820173080445,6.623838914235002
1.2,1500,6,3.5,46.9308803388,5.984353234756398
1.2,1500,6,4.0,49.7663705428009,5.370639851137597
1.2,1500,6,4.5,52.3015201899376,4.783291518793902
1.2,1500,6,5.0,54.5496620615948,4.2230044012915045
1.2,1500,6,5.5,56.5245245912291,3.690490797114201
1.2,1500,6,6.0,58.240152858709,3.1866100438396003
1.2,1500,6,6.5,59.7111346350687,2.7122619271123938
1.2,1500,6,7.0,60.9524147858214,2.2685207792466997
1.2,1500,6,7.5,61.9796554143154,1.8566202968173044
1.2,1500,6,8.0,62.8090350826387,1.4779190642770956
1.2,1500,6,8.5,63.4575744785925,1.1343964503554957
1.2,1500,6,9.0,63.9434315329942,0.8275842129555073
1.2,1500,6,9.5,64.285158691548,0.5604005636615028
1.2,1500,6,10.0,64.5038320966557,0.3142930567692872
1.2,1500,7,0.0,0.0,80.1015625008307
1.2,1500,7,0.5,29.6608398201954,38.5417967799509
1.2,1500,7,1.0,38.5417967799509,13.6190480315502
1.2,1500,7,1.5,43.2798878517456,8.852567063118997
1.2,1500,7,2.0,47.3943638430699,7.655731622229304
1.2,1500,7,2.5,50.9356194739749,6.558684923962602
1.2,1500,7,3.0,53.9530487670325,5.558974410486094
1.2,1500,7,3.5,56.494593884461,4.653968950238799
1.2,1500,7,4.0,58.6070177172713,3.841105218819301
1.2,1500,7,4.5,60.3356991032803,3.117414094882804
1.2,1500,7,5.0,61.7244318121541,2.4801442300771015
1.2,1500,7,5.5,62.8158433333574,1.925908632854501
1.2,1500,7,6.0,63.6503404450086,1.4516781580317044
1.2,1500,7,6.5,64.2675214913891,1.0535930319048035
1.2,1500,7,7.0,64.7039334769134,0.7281237502037925
1.2,1500,7,7.5,64.9956452415929,0.468459178044597
1.2,1500,7,8.0,65.172392654958,0.2779495409942001
1.2,1500,7,8.5,65.2735947825871,0.14717422522679158
1.2,1500,7,9.0,65.3195668801848,0.04162369060939852
1.2,1500,7,9.5,65.3152184731965,0.005788038851207489
1.2,1500,7,10.0,65.325354919036,0.03475774450683389
1.2,1800,3,0.0,0.0,35.3682803816695
1.2,1800,3,0.5,13.9421515042275,20.4003256352405
1.2,1800,3,1.0,20.4003256352405,10.635879370926801
1.2,1800,3,1.5,24.5780308751543,7.786021030975
1.2,1800,3,2.0,28.1863466662155,6.6945514833291
1.2,1800,3,2.5,31.2725823584834,5.696776042905803
1.2,1800,3,3.0,33.8831227091213,4.790496873643701
1.2,1800,3,3.5,36.0630792321271,3.9732765204729006
1.2,1800,3,4.0,37.8563992295942,3.242803641297698
1.2,1800,3,4.5,39.3058828734248,2.5962943916866976
1.2,1800,3,5.0,40.4526936212809,2.0312359700727
1.2,1800,3,5.5,41.3371188434975,1.5444165842084985
1.2,1800,3,6.0,41.9971102054894,1.1330089649751969
1.2,1800,3,6.5,42.4701278084727,0.7942815676924013
1.2,1800,3,7.0,42.7913917731818,0.5215095145229043
1.2,1800,3,7.5,42.9916373229956,0.3133508444951971
1.2,1800,3,8.0,43.104742617677,0.14704896319140204
1.2,1800,3,8.5,43.138686286187,0.06390333103639989
1.2,1800,3,9.0,43.1686459487134,0.02278263594629948
1.2,1800,3,9.5,43.1614689221333,0.0038581007398050815
1.2,1800,3,10.0,43.1725040494532,0.04028240853978815
1.2,1800,4,0.0,0.0,46.344248634855404
1.2,1800,4,0.5,18.4788807738251,27.571274460445
1.2,1800,4,1.0,27.571274460445,14.889636879544899
1.2,1800,4,1.5,33.36851765337,10.616627751441502
1.2,1800,4,2.0,38.1879022118865,8.781231134989405
1.2,1800,4,2.5,42.1497487883594,7.1782215418202995
1.2,1800,4,3.0,45.3661237537068,5.7903987834954975
1.2,1800,4,3.5,47.9401475718549,4.6003733374435996
1.2,1800,4,4.0,49.9664970911504,3.591751404372502
1.2,1800,4,4.5,51.5318989762274,2.7476371019659993
1.2,1800,4,5.0,52.7141341931164,2.052299260255694
1.2,1800,4,5.5,53.5841982364831,1.489547648548296
1.2,1800,4,6.0,54.2036818416647,1.0442327056645055
1.2,1800,4,6.5,54.6284309421476,0.7016640478572
1.2,1800,4,7.0,54.9053458895219,0.44547717339129633
1.2,1800,4,7.5,55.0739081155389,0.2614398264983038
1.2,1800,4,8.0,55.1667857160202,0.13909117485339806
1.2,1800,4,8.5,55.2129992903923,0.06717473739190183
1.2,1800,4,9.0,55.2339604534121,0.02037378341429985
1.2,1800,4,9.5,55.2333730738066,0.004053371108895476
1.2,1800,4,10.0,55.238013824521,0.014509631748701679
1.2,1800,5,0.0,0.0,68.32055260253301
1.2,1800,5,0.5,25.7037287911976,34.4943625622574
1.2,1800,5,1.0,34.4943625622574,13.864155918794498
1.2,1800,5,1.5,39.5678847099921,9.458687000126098
1.2,1800,5,2.0,43.9530495623835,8.141263923298197
1.2,1800,5,2.5,47.7091486332903,6.940842516500602
1.2,1800,5,3.0,50.8938920788841,5.853715709102303
1.2,1800,5,3.5,53.5628643423926,4.875963330262998
1.2,1800,5,4.0,55.7698554091471,4.003746374414099
1.2,1800,5,4.5,57.5666107168067,3.23275720022
1.2,1800,5,5.0,59.0026126093671,2.558931072981302
1.2,1800,5,5.5,60.125541789788,1.9775007822806998
1.2,1800,5,6.0,60.9801133916478,1.484068513236501
1.2,1800,5,6.5,61.6096103030245,1.073364943452205
1.2,1800,5,7.0,62.0534783351,0.7404144386753941
1.2,1800,5,7.5,62.3500247416999,0.47695172094539373
1.2,1800,5,8.0,62.5304300560454,0.28644367279679983
1.2,1800,5,8.5,62.6364684144967,0.15438958833250638
1.2,1800,5,9.0,62.6848196443779,0.04656170168410512
1.2,1800,5,9.5,62.6830301161808,0.008444120581096115
1.2,1800,5,10.0,62.693263764959,0.032490474531691405
1.2,1800,6,0.0,0.0,73.3590166854753
1.2,1800,6,0.5,27.6982246483832,37.4338819080575
1.2,1800,6,1.0,37.4338819080575,15.2588906767656
1.2,1800,6,1.5,42.9571153251488,10.2197174725639
1.2,1800,6,2.0,47.6535993806214,8.650538210652101
1.2,1800,6,2.5,51.6076535358009,7.246269382111798
1.2,1800,6,3.0,54.8998687627332,5.998605157383302
1.2,1800,6,3.5,57.6062586931842,4.898994853732603
1.2,1800,6,4.0,59.7988636164658,3.9391276815617005
1.2,1800,6,4.5,61.5453863747459,3.110102236499401
1.2,1800,6,5.0,62.9089658529652,2.403491288454596
1.2,1800,6,5.5,63.9488776632005,1.8100320880230996
1.2,1800,6,6.0,64.7189979409883,1.3210879562389053
1.2,1800,6,6.5,65.2699656194394,0.9271033541279934
1.2,1800,6,7.0,65.6461012951163,0.6190163121175942
1.2,1800,6,7.5,65.888981931557,0.38513009308570645
1.2,1800,6,8.0,66.031231388202,0.22047774659949937
1.2,1800,6,8.5,66.1094596781565,0.11374887424520352
1.2,1800,6,9.0,66.1449802624472,0.03505775593720273
1.2,1800,6,9.5,66.1445174340937,0.0069755323166873495
1.2,1800,6,10.0,66.1519557947639,0.022777910364084164
1.2,1800,7,0.0,0.0,82.0225504178153
1.2,1800,7,0.5,30.9030226509411,41.5895401859491
1.2,1800,7,1.0,41.5895401859491,16.486392596918197
1.2,1800,7,1.5,47.3894152478593,10.499858630626406
1.2,1800,7,2.0,52.0893988165755,8.460700294888305
1.2,1800,7,2.5,55.8501155427476,6.728150440573295
1.2,1800,7,3.0,58.8175492571488,5.2712644152614985
1.2,1800,7,3.5,61.1213799580091,4.060060154301901
1.2,1800,7,4.0,62.8776094114507,3.066916613521599
1.2,1800,7,4.5,64.1882965715307,2.2645463906394028
1.2,1800,7,5.0,65.1421558020901,1.6284219048625062
1.2,1800,7,5.5,65.8167184763932,1.1342347937385995
1.2,1800,7,6.0,66.2763905958287,0.7605744881077925
1.2,1800,7,6.5,66.577292964501,0.4858791773337998
1.2,1800,7,7.0,66.7622697731625,0.29400442677659555
1.2,1800,7,7.5,66.8712973912776,0.16754728737950586
1.2,1800,7,8.0,66.929817060542,0.07714231513530478
1.2,1800,7,8.5,66.9484397064129,0.029538806559699538
1.2,1800,7,9.0,66.9593558671017,0.010584334816897467
1.2,1800,7,9.5,66.9590240412298,0.0031645663268875523
1.2,1800,7,10.0,66.9625204334286,0.01082100246829043
1.2,2100,3,0.0,0.0,32.622888366709304
1.2,2100,3,0.5,13.1992863177265,20.1742569041967
1.2,2100,3,1.0,20.1742569041967,11.7705191614372
1.2,2100,3,1.5,24.9698054791637,8.8527433238309
1.2,2100,3,2.0,29.0270002280276,7.452963745426498
1.2,2100,3,2.5,32.4227692245902,6.203452827805403
1.2,2100,3,3.0,35.230453055833,5.096847696747105
1.2,2100,3,3.5,37.5196169213373,4.1253259805045985
1.2,2100,3,4.0,39.3557790363376,3.2814083426627008
1.2,2100,3,4.5,40.801025264,2.5569427918049
1.2,2100,3,5.0,41.9127218281425,1.9441604065042952
1.2,2100,3,5.5,42.7451856705043,1.4346329295046019
1.2,2100,3,6.0,43.3473547576471,1.0200583426015015
1.2,2100,3,6.5,43.7652440131058,0.6931817815038954
1.2,2100,3,7.0,44.040536539151,0.4397550796979033
1.2,2100,3,7.5,44.2049990928037,0.2559933258850009
1.2,2100,3,8.0,44.296529865036,0.12188730874939324
1.2,2100,3,8.5,44.3268864015531,0.05376623174590378
1.2,2100,3,9.0,44.3502960967819,0.02068983594570284
1.2,2100,3,9.5,44.3475762374988,0.0029092231374932
1.2,2100,3,10.0,44.3532053199194,0.01960710654489617
1.2,2100,4,0.0,0.0,39.2062087219697
1.2,2100,4,0.5,16.1554050796634,25.4154115966839
1.2,2100,4,1.0,25.4154115966839,15.8468424382712
1.2,2100,4,1.5,32.0022475179346,12.15596603226
1.2,2100,4,2.0,37.5713776289439,10.232439361843198
1.2,2100,4,2.5,42.2346868797778,8.525959913214898
1.2,2100,4,3.0,46.0973375421588,7.0232222249006995
1.2,2100,4,3.5,49.2579091046785,5.710544292664302
1.2,2100,4,4.0,51.8078818348231,4.574859652377405
1.2,2100,4,4.5,53.8327687570559,3.602655020898503
1.2,2100,4,5.0,55.4105368557216,2.780919188710797
1.2,2100,4,5.5,56.6136879457667,2.096484806051997
1.2,2100,4,6.0,57.5070216617736,1.5362498974348
1.2,2100,4,6.5,58.1499378432015,1.0876153523783003
1.2,2100,4,7.0,58.5946370141519,0.7372223892100038
1.2,2100,4,7.5,58.8871602324115,0.47121955134250015
1.2,2100,4,8.0,59.0658565654944,0.28844473500529944
1.2,2100,4,8.5,59.1756049674168,0.15653210330260237
1.2,2100,4,9.0,59.222388668797,0.056050408805198515
1.2,2100,4,9.5,59.231655376222,0.019913767318399778
1.2,2100,4,10.0,59.2423024361154,0.02267447225519703
1.2,2100,5,0.0,0.0,48.363277420713
1.2,2100,5,0.5,19.1834725429366,28.3706127510334
1.2,2100,5,1.0,28.3706127510334,15.4895574036793
1.2,2100,5,1.5,34.6730299466159,11.924195564288404
1.2,2100,5,2.0,40.2948083153218,10.6056608923096
1.2,2100,5,2.5,45.2786908389255,9.372128976295095
1.2,2100,5,3.0,49.6669372916169,8.222507958274399
1.2,2100,5,3.5,53.5011987971999,7.1555769406393
1.2,2100,5,4.0,56.8225142322562,6.1701845514689
1.2,2100,5,4.5,59.6713833486688,5.264969246635204
1.2,2100,5,5.0,62.0874834788914,4.438664120837203
1.2,2100,5,5.5,64.110047469506,3.689764554261899
1.2,2100,5,6.0,65.7772480331533,3.0168026548716966
1.2,2100,5,6.5,67.1268501243777,2.4181525633864993
1.2,2100,5,7.0,68.1954005965398,1.892000511162209
1.2,2100,5,7.5,69.0188506355399,1.4366531689387045
1.2,2100,5,8.0,69.6320537654785,1.0496798916057912
1.2,2100,5,8.5,70.0685305271457,0.7302515856131038
1.2,2100,5,9.0,70.3623053510916,0.4718690910844998
1.2,2100,5,9.5,70.5403996182302,0.2745261676319899
1.2,2100,5,10.0,70.6368315187236,0.11120143434160923
1.2,2100,6,0.0,0.0,70.8953322521713
1.2,2100,6,0.5,27.2336521968093,38.0392765350659
1.2,2100,6,1.0,38.0392765350659,17.4172853398638
1.2,2100,6,1.5,44.6509375366731,12.214642785388996
1.2,2100,6,2.0,50.2539193204549,10.305985929923203
1.2,2100,6,2.5,54.9569234665963,8.6088952180909
1.2,2100,6,3.0,58.8628145385458,7.110698395929397
1.2,2100,6,3.5,62.0676218625257,5.798566854188202
1.2,2100,6,4.0,64.661381392734,4.660131792944398
1.2,2100,6,4.5,66.7277536554701,3.6825033699327037
1.2,2100,6,5.0,68.3438847626667,2.853504396915099
1.2,2100,6,5.5,69.5812580523852,2.1602638495029964
1.2,2100,6,6.0,70.5041486121697,1.590720618080411
1.2,2100,6,6.5,71.1719786704656,1.132184918148596
1.2,2100,6,7.0,71.6363335303183,0.7725538888259962
1.2,2100,6,7.5,71.9445325592916,0.49774485282399894
1.2,2100,6,8.0,72.1340783831423,0.30452259525749525
1.2,2100,6,8.5,72.2490551545491,0.17082016788160104
1.2,2100,6,9.0,72.3048985510239,0.0644959058113983
1.2,2100,6,9.5,72.3135510603605,0.020218585542608025
1.2,2100,6,10.0,72.3251171365665,0.02604571928141297
1.2,2100,7,0.0,0.0,74.5771344400865
1.2,2100,7,0.5,28.9263924378318,41.1284353112407
1.2,2100,7,1.0,41.1284353112407,19.5314858071236
1.2,2100,7,1.5,48.4578782449554,13.258204997027299
1.2,2100,7,2.0,54.386640308268,10.668078459084995
1.2,2100,7,2.5,59.1259567040404,8.479243889689599
1.2,2100,7,3.0,62.8658841979576,6.647675007174506
1.2,2100,7,3.5,65.7736317112149,5.131387703254902
1.2,2100,7,4.0,67.9972719012125,3.8921735388929903
1.2,2100,7,4.5,69.6658052501079,2.8930966185324962
1.2,2100,7,5.0,70.890368519745,2.1012479827821124
1.2,2100,7,5.5,71.76705323289,1.4849460074363066
1.2,2100,7,6.0,72.3753145271813,1.016313219544088
1.2,2100,7,6.5,72.7833664524341,0.6692239278671934
1.2,2100,7,7.0,73.0445384550485,0.4203209838320987
1.2,2100,7,7.5,73.2036874362662,0.24731607633330555
1.2,2100,7,8.0,73.2918545313818,0.13590476190491074
1.2,2100,7,8.5,73.3395921981711,0.06948284703899787
1.2,2100,7,9.0,73.3613373784208,0.02538726963879867
1.2,2100,7,9.5,73.3649794678099,0.007700272869598734
1.2,2100,7,10.0,73.3690376512904,0.0085324610523827
1.2,2400,3,0.0,0.0,31.0927510933641
1.2,2400,3,0.5,13.38588535353,22.4507903207559
1.2,2400,3,1.0,22.4507903207559,15.5655719902799
1.2,2400,3,1.5,28.9514573438099,11.531440983583401
1.2,2400,3,2.0,33.9822313043393,8.870923829150101
1.2,2400,3,2.5,37.82238117296,6.726318890828402
1.2,2400,3,3.0,40.7085501951677,5.019166887645902
1.2,2400,3,3.5,42.8415480606059,3.6779716133601994
1.2,2400,3,4.0,44.3865218085279,2.6408045214745
1.2,2400,3,4.5,45.4823525820804,1.852502373966395
1.2,2400,3,5.0,46.2390241824943,1.2650456634343001
1.2,2400,3,5.5,46.7473982455147,0.8376829029999016
1.2,2400,3,6.0,47.0767070854942,0.5344947358439001
1.2,2400,3,6.5,47.2818929813586,0.32608285198070064
1.2,2400,3,7.0,47.4027899374749,0.191357394523898
1.2,2400,3,7.5,47.4732503758825,0.10432849420450196
1.2,2400,3,8.0,47.5071184316794,0.04895375018819692
1.2,2400,3,8.5,47.5222041260707,0.021570970560198077
1.2,2400,3,9.0,47.5286894022396,0.007461902704505974
1.2,2400,3,9.5,47.5296660287752,0.0023280854938008133
1.2,2400,3,10.0,47.5310174877334,0.0030777503389813887
1.2,2400,4,0.0,0.0,54.9704842024798
1.2,2400,4,0.5,21.499792406596,31.0286854239042
1.2,2400,4,1.0,31.0286854239042,15.662040372108997
1.2,2400,4,1.5,37.161832778705,11.357540442539403
1.2,2400,4,2.0,42.3862258664436,9.632806685382604
1.2,2400,4,2.5,46.7946394640876,8.089250358234196
1.2,2400,4,3.0,50.4754762246778,6.717408622633094
1.2,2400,4,3.5,53.5120480867207,5.507531574752704
1.2,2400,4,4.0,55.9830077994305,4.450204296937301
1.2,2400,4,4.5,57.962252383658,3.5354260065636964
1.2,2400,4,5.0,59.5184338059942,2.753704299616601
1.2,2400,4,5.5,60.7159566832746,2.0948278544873986
1.2,2400,4,6.0,61.6132616604816,1.549102858915802
1.2,2400,4,6.5,62.2650595421904,1.1062353434934025
1.2,2400,4,7.0,62.719497003975,0.7560695679556986
1.2,2400,4,7.5,63.0211291101461,0.4860872550547981
1.2,2400,4,8.0,63.2055842590298,0.29699454665190217
1.2,2400,4,8.5,63.318123656798,0.164360898900604
1.2,2400,4,9.0,63.3699451579304,0.056745319168101105
1.2,2400,4,9.5,63.3748689759661,0.016648835051000788
1.2,2400,4,10.0,63.3865939929814,0.030251233010204714
1.2,2400,5,0.0,0.0,48.866133361857194
1.2,2400,5,0.5,19.921419311919,30.8195438858188
1.2,2400,5,1.0,30.8195438858188,18.445466467600102
1.2,2400,5,1.5,38.3668857795191,13.883428429000897
1.2,2400,5,2.0,44.7029723148197,11.603977559499398
1.2,2400,5,2.5,49.9708633390185,9.600606386895201
1.2,2400,5,3.0,54.3035787017149,7.853307730253199
1.2,2400,5,3.5,57.8241710692717,6.341915452197803
1.2,2400,5,4.0,60.6454941539127,5.047375309386702
1.2,2400,5,4.5,62.8715463786584,3.9503846891393053
1.2,2400,5,5.0,64.595878843052,3.0326589663293007
1.2,2400,5,5.5,65.9042053449877,2.2760185271817903
1.2,2400,5,6.0,66.8718973702338,1.662845066893098
1.2,2400,5,6.5,67.5670504118808,1.1763722527052067
1.2,2400,5,7.0,68.048269622939,0.7996374994347946
1.2,2400,5,7.5,68.3666879113156,0.5178153840210911
1.2,2400,5,8.0,68.5660850069601,0.31488791170430375
1.2,2400,5,8.5,68.6815758230199,0.17436866309660104
1.2,2400,5,9.0,68.7404536700567,0.07925797073440322
1.2,2400,5,9.5,68.7608337937543,0.03312124217760015
1.2,2400,5,10.0,68.7735749122343,0.017843231742375565
1.2,2400,6,0.0,0.0,56.4881253611787
1.2,2400,6,0.5,22.9987125504188,35.5067248404965
1.2,2400,6,1.0,35.5067248404965,20.946216323457
1.2,2400,6,1.5,43.9449288738758,15.280575287242499
1.2,2400,6,2.0,50.787300127739,12.329175633242194
1.2,2400,6,2.5,56.274104507118,9.832717154160598
1.2,2400,6,3.0,60.6200172818996,7.741092482925609
1.2,2400,6,3.5,64.0151969900436,6.006241214864197
1.2,2400,6,4.0,66.6262584967638,4.584648962420289
1.2,2400,6,4.5,68.5998459524639,3.4347014830630087
1.2,2400,6,5.0,70.0609599798268,2.5188049889274
1.2,2400,6,5.5,71.1186509413913,1.801926880577696
1.2,2400,6,6.0,71.8628868604045,1.2520312835956986
1.2,2400,6,6.5,72.370682224987,0.8406702571029996
1.2,2400,6,7.0,72.7035571175075,0.5411403652468039
1.2,2400,6,7.5,72.9118225902338,0.32993948045019295
1.2,2400,6,8.0,73.0334965979577,0.19303534537510814
1.2,2400,6,8.5,73.1048579356089,0.10283010652220526
1.2,2400,6,9.0,73.1363267044799,0.04052780214789209
1.2,2400,6,9.5,73.1453857377568,0.01589001686299696
1.2,2400,6,10.0,73.1522167213429,0.011433917481411981
1.2,2400,7,0.0,0.0,60.6460371869368
1.2,2400,7,0.5,25.9185156225074,43.0280253030928
1.2,2400,7,1.0,43.0280253030928,28.315430858049098
1.2,2400,7,1.5,54.2339464805565,18.726706057316
1.2,2400,7,2.0,61.7547313604088,12.521479770250806
1.2,2400,7,2.5,66.7554262508073,8.291389430609598
1.2,2400,7,3.0,70.0461207910184,5.43717486533329
1.2,2400,7,3.5,72.1926011161406,3.5272927805633003
1.2,2400,7,4.0,73.5734135715817,2.2625673016388106
1.2,2400,7,4.5,74.4551684177794,1.435158135673106
1.2,2400,7,5.0,75.0085717072548,0.8982029600553005
1.2,2400,7,5.5,75.3533713778347,0.5555975458141944
1.2,2400,7,6.0,75.564169253069,0.3383812719625894
1.2,2400,7,6.5,75.6917526497973,0.20345458597159904
1.2,2400,7,7.0,75.7676238390406,0.12022963648671237
1.2,2400,7,7.5,75.811982286284,0.06999729145030642
1.2,2400,7,8.0,75.8376211304909,0.03997203724759402
1.2,2400,7,8.5,75.8519543235316,0.02238194880060007
1.2,2400,7,9.0,75.8600030792915,0.012403987256405458
1.2,2400,7,9.5,75.864358310788,0.006640389162896554
1.2,2400,7,10.0,75.8666434684544,0.0025002415026591507
1.4,1500,3,0.0,0.0,11.750332796550142
1.4,1500,3,0.5,5.89133854663991,11.8150213900095
1.4,1500,3,1.0,11.8150213900095,11.22720948084309
1.4,1500,3,1.5,17.118548027483,9.5587343259114
1.4,1500,3,2.0,21.3737557159209,7.663460488563299
1.4,1500,3,2.5,24.7820085160463,6.097990590199299
1.4,1500,3,3.0,27.4717463061202,4.7779026617069
1.4,1500,3,3.5,29.5599111777532,3.6778309850976996
1.4,1500,3,4.0,31.1495772912179,2.7736296283705997
1.4,1500,3,4.5,32.3335408061238,2.0423993217121996
1.4,1500,3,5.0,33.1919766129301,1.4617649267825996
1.4,1500,3,5.5,33.7953057329064,1.0114716345452024
1.4,1500,3,6.0,34.2034482474753,0.6710190908199039
1.4,1500,3,6.5,34.4663248237263,0.42196986308469775
1.4,1500,3,7.0,34.62541811056,0.25342619650909626
1.4,1500,3,7.5,34.7197510202354,0.13580322912550002
1.4,1500,3,8.0,34.7612213396855,0.05548951238829858
1.4,1500,3,8.5,34.7752405326237,0.02095165967759982
1.4,1500,3,9.0,34.7821729993631,0.008657751557400672
1.4,1500,3,9.5,34.7838982841811,0.0021790793713023504
1.4,1500,3,10.0,34.7843520787344,-0.000363901158095814
1.4,1500,4,0.0,0.0,16.31242920784818
1.4,1500,4,0.5,8.14327737294467,16.2606802839305
1.4,1500,4,1.0,16.2606802839305,15.28157039862283
1.4,1500,4,1.5,23.4248477715675,12.818096311604098
1.4,1500,4,2.0,29.0787765955346,10.075989431635797
1.4,1500,4,2.5,33.5008372032033,7.831172118753898
1.4,1500,4,3.0,36.9099487142885,5.997036827008706
1.4,1500,4,3.5,39.497874030212,4.516556379642701
1.4,1500,4,4.0,41.4265050939312,3.337804916670194
1.4,1500,4,4.5,42.8356789468822,2.414304924404604
1.4,1500,4,5.0,43.8408100183358,1.7031743731294
1.4,1500,4,5.5,44.5388533200116,1.1675651329118963
1.4,1500,4,6.0,45.0083751512477,0.7732274126922007
1.4,1500,4,6.5,45.3120807327038,0.4923572888713039
1.4,1500,4,7.0,45.500732440119,0.2971282291801032
1.4,1500,4,7.5,45.6092089618839,0.16805608378739834
1.4,1500,4,8.0,45.6687885239064,0.09059231635600185
1.4,1500,4,8.5,45.6998012782399,0.041882218935697324
1.4,1500,4,9.0,45.7106707428421,0.014538804999098431
1.4,1500,4,9.5,45.714340083239,0.005410409178900011
1.4,1500,4,10.0,45.716081152021,0.0015538659490914597
1.4,1500,5,0.0,0.0,25.5490934294041
1.4,1500,5,0.5,11.6271621261261,20.9595550751003
1.4,1500,5,1.0,20.9595550751003,16.8934941255
1.4,1500,5,1.5,28.5206562516261,13.5784023506714
1.4,1500,5,2.0,34.5379574257717,10.748160395289602
1.4,1500,5,2.5,39.2688166469157,8.399106190976
1.4,1500,5,3.0,42.9370636167477,6.470280554852096
1.4,1500,5,3.5,45.7390972017678,4.904725328897101
1.4,1500,5,4.0,47.8417889456448,3.6509174152765027
1.4,1500,5,4.5,49.3900146170443,2.661968687317497
1.4,1500,5,5.0,50.5037576329623,1.8949236664936961
1.4,1500,5,5.5,51.284938283538,1.3123130888122034
1.4,1500,5,6.0,51.8160707217745,0.879379135779601
1.4,1500,5,6.5,52.1643174193176,0.567371210640701
1.4,1500,5,7.0,52.3834419324152,0.3484985788074013
1.4,1500,5,7.5,52.512815998125,0.2012979450850949
1.4,1500,5,8.0,52.5847398775003,0.11087421914360363
1.4,1500,5,8.5,52.6236902172686,0.05365131463550199
1.4,1500,5,9.0,52.6383911921358,0.01921595141159571
1.4,1500,5,9.5,52.6429061686802,0.007158117873899528
1.4,1500,5,10.0,52.6455493100097,0.003414447444100688
1.4,1500,6,0.0,0.0,52.36586485147251
1.4,1500,6,0.5,20.4401134722907,29.3945890376903
1.4,1500,6,1.0,29.3945890376903,14.665394062184799
1.4,1500,6,1.5,35.1055075344755,10.661436748709104
1.4,1500,6,2.0,40.0560257863994,9.2057266680578
1.4,1500,6,2.5,44.3112342025333,7.878296901729598
1.4,1500,6,3.0,47.934322688129,6.674846440545302
1.4,1500,6,3.5,50.9860806430786,5.5908371228562
1.4,1500,6,4.0,53.5251598109852,4.621836060500996
1.4,1500,6,4.5,55.6079167035796,3.762942913254001
1.4,1500,6,5.0,57.2881027242392,3.0094903699247055
1.4,1500,6,5.5,58.6174070735043,2.356175321883299
1.4,1500,6,6.0,59.6442780461225,1.7979686829192971
1.4,1500,6,6.5,60.4153757564236,1.329165362908796
1.4,1500,6,7.0,60.9734434090313,0.9440940385440015
1.4,1500,6,7.5,61.3594697949676,0.6356150552626048
1.4,1500,6,8.0,61.6090584642939,0.40466475010190095
1.4,1500,6,8.5,61.7641345450695,0.23433986170049792
1.4,1500,6,9.0,61.8433983259944,0.0929859822077006
1.4,1500,6,9.5,61.8571205272772,0.03181412799259675
1.4,1500,6,10.0,61.875212453987,0.04055357884658406
1.4,1500,7,0.0,0.0,57.6755828520288
1.4,1500,7,0.5,23.0731375517772,34.61696735508
1.4,1500,7,1.0,34.61696735508,18.8111769504132
1.4,1500,7,1.5,41.8843145021904,13.041105684871297
1.4,1500,7,2.0,47.6580730399513,10.3033781736288
1.4,1500,7,2.5,52.1876926758192,8.034535931207401
1.4,1500,7,3.0,55.6926089711587,6.174761108439
1.4,1500,7,3.5,58.3624537842582,4.667814548343202
1.4,1500,7,4.0,60.3604235195019,3.4639289743773034
1.4,1500,7,4.5,61.8263827586355,2.5162678137978034
1.4,1500,7,5.0,62.8766913332997,1.7838820600462952
1.4,1500,7,5.5,63.6102648186818,1.2290756251740902
1.4,1500,7,6.0,64.1057669584738,0.8188688626777036
1.4,1500,7,6.5,64.4291336813595,0.5245237139925081
1.4,1500,7,7.0,64.6302906724663,0.3195043402040909
1.4,1500,7,7.5,64.7486380215636,0.18214454115339151
1.4,1500,7,8.0,64.8124352136197,0.09705417150620121
1.4,1500,7,8.5,64.8456921930698,0.04740734311430117
1.4,1500,7,9.0,64.859842556734,0.017396820718403205
1.4,1500,7,9.5,64.8630890137882,0.0061278322195050805
1.4,1500,7,10.0,64.8659703889535,0.005397668441716519
1.4,1800,3,0.0,0.0,31.7863605362541
1.4,1800,3,0.5,13.3251362561634,21.5141844883995
1.4,1800,3,1.0,21.5141844883995,13.649283339659501
1.4,1800,3,1.5,26.9744195958229,9.623989729246901
1.4,1800,3,2.0,31.1381742176464,7.291595367182495
1.4,1800,3,2.5,34.2660149630054,5.438527603797901
1.4,1800,3,3.0,36.5767018214443,3.9864876433015013
1.4,1800,3,3.5,38.2525026063069,2.864765288195599
1.4,1800,3,4.0,39.4414671096399,2.0134051104553023
1.4,1800,3,4.5,40.2659077167622,1.3792373779622977
1.4,1800,3,5.0,40.8207044876022,0.9173037527123995
1.4,1800,3,5.5,41.1832114694746,0.5896376602797986
1.4,1800,3,6.0,41.410342147882,0.36358979474140085
1.4,1800,3,6.5,41.546801264216,0.21287231777780136
1.4,1800,3,7.0,41.6232144656598,0.11901701539459708
1.4,1800,3,7.5,41.6658182796106,0.06215240190640259
1.4,1800,3,8.0,41.6853668675662,0.02549145771320127
1.4,1800,3,8.5,41.6913097373238,0.009969938171799697
1.4,1800,3,9.0,41.695336805738,0.0042869295615020064
1.4,1800,3,9.5,41.6955966668853,0.0011441042334965346
1.4,1800,3,10.0,41.6964809099715,0.002392868111293467
1.4,1800,4,0.0,0.0,33.8257981822577
1.4,1800,4,0.5,14.9078963533687,25.8057872312171
1.4,1800,4,1.0,25.8057872312171,18.905617009900098
1.4,1800,4,1.5,33.8135133632688,14.029837649268398
1.4,1800,4,2.0,39.8356248804855,10.491462838089902
1.4,1800,4,2.5,44.3049762013587,7.736708451945006
1.4,1800,4,3.0,47.5723333324305,5.619060165405202
1.4,1800,4,3.5,49.9240363667639,4.012306570602995
1.4,1800,4,4.0,51.5846399030335,2.811598244661397
1.4,1800,4,4.5,52.7356346114253,1.9294460364461017
1.4,1800,4,5.0,53.5140859394796,1.2927763460913013
1.4,1800,4,5.5,54.0284109575166,0.8436895021466029
1.4,1800,4,6.0,54.3577754416262,0.5336320502964043
1.4,1800,4,6.5,54.562043007813,0.32636650030470093
1.4,1800,4,7.0,54.6841419419309,0.19094692656159395
1.4,1800,4,7.5,54.7529899343746,0.1060717793758954
1.4,1800,4,8.0,54.7902137213068,0.05675017671510574
1.4,1800,4,8.5,54.8097401110897,0.02777893665890474
1.4,1800,4,9.0,54.8179926579657,0.011284285224398616
1.4,1800,4,9.5,54.8210243963141,0.004646785084894134
1.4,1800,4,10.0,54.8226394430506,0.00181340186108514
1.4,1800,5,0.0,0.0,46.715767806671195
1.4,1800,5,0.5,18.9346859563404,29.0229760186904
1.4,1800,5,1.0,29.0229760186904,16.811348219565904
1.4,1800,5,1.5,35.7460341759063,12.270421465199902
1.4,1800,5,2.0,41.2933974838903,10.0742489052546
1.4,1800,5,2.5,45.8202830811609,8.175710791225
1.4,1800,5,3.0,49.4691082751153,6.549148763041096
1.4,1800,5,3.5,52.369431844202,5.169052691693693
1.4,1800,5,4.0,54.638160966809,4.011690811100905
1.4,1800,5,4.5,56.3811226553029,3.053317730280007
1.4,1800,5,5.0,57.691478697089,2.2719188546867954
1.4,1800,5,5.5,58.6530415099897,1.6458426979029994
1.4,1800,5,6.0,59.337321394992,1.1546970788036006
1.4,1800,5,6.5,59.8077385887933,0.7793963494861984
1.4,1800,5,7.0,60.1167177444782,0.5008726509883985
1.4,1800,5,7.5,60.3086112397817,0.3010704559595965
1.4,1800,5,8.0,60.4177882004378,0.170924179455902
1.4,1800,5,8.5,60.4795354192376,0.08683768562779903
1.4,1800,5,9.0,60.5046258860656,0.027952805532699188
1.4,1800,5,9.5,60.5074882247703,0.008235484984602692
1.4,1800,5,10.0,60.5128613710502,0.013257100134993038
1.4,1800,6,0.0,0.0,60.3481009395747
1.4,1800,6,0.5,23.6590355802023,34.2880413812345
1.4,1800,6,1.0,34.2880413812345,17.245640811216298
1.4,1800,6,1.5,40.9046763914186,12.066786813034
1.4,1800,6,2.0,46.3548281942685,9.8891939753806
1.4,1800,6,2.5,50.7938703667992,8.009836765963001
1.4,1800,6,3.0,54.3646649602315,6.402488490631001
1.4,1800,6,3.5,57.1963588574302,5.041325402784196
1.4,1800,6,4.0,59.4059903630157,3.9022757824038052
1.4,1800,6,4.5,61.098634639834,2.9612195872431
1.4,1800,6,5.0,62.3672099502588,2.1960633915917995
1.4,1800,6,5.5,63.2946980314258,1.5846764159627043
1.4,1800,6,6.0,63.9518863662215,1.106908223587702
1.4,1800,6,6.5,64.4016062550135,0.7430906422850967
1.4,1800,6,7.0,64.6949770085066,0.47469909759288953
1.4,1800,6,7.5,64.8763053526064,0.28323105071079624
1.4,1800,6,8.0,64.9782080592174,0.15681150022780344
1.4,1800,6,8.5,65.0331168528342,0.0792727116197085
1.4,1800,6,9.0,65.0574807708371,0.0264879801712965
1.4,1800,6,9.5,65.0596048330055,0.0071724333795941675
1.4,1800,6,10.0,65.0646532042167,0.01302105146520205
1.4,1800,7,0.0,0.0,69.6630152386938
1.4,1800,7,0.5,27.327659258836,39.6476217966502
1.4,1800,7,1.0,39.6476217966502,19.605377594741903
1.4,1800,7,1.5,46.9330368535779,12.896596426826804
1.4,1800,7,2.0,52.544218223477,9.873980707106796
1.4,1800,7,2.5,56.8070175606847,7.454691922167498
1.4,1800,7,3.0,59.9989101456445,5.541826239105703
1.4,1800,7,3.5,62.3488437997904,4.048431221232406
1.4,1800,7,4.0,64.0473413668769,2.900828762715804
1.4,1800,7,4.5,65.2496725625062,2.0327831401091885
1.4,1800,7,5.0,66.0801245069861,1.38939220164049
1.4,1800,7,5.5,66.6390647641467,0.9223506917951028
1.4,1800,7,6.0,67.0024751987812,0.592144327438703
1.4,1800,7,6.5,67.2312090915854,0.3651648467649977
1.4,1800,7,7.0,67.3676400455462,0.21554568823930254
1.4,1800,7,7.5,67.4467547798247,0.1209766064364004
1.4,1800,7,8.0,67.4886166519826,0.06112567607979713
1.4,1800,7,8.5,67.5078804559045,0.02804128691850849
1.4,1800,7,9.0,67.5166579389011,0.010297158926107386
1.4,1800,7,9.5,67.5181776148306,0.0033441924351933494
1.4,1800,7,10.0,67.5200021313363,0.003953873587576595
1.4,2100,3,0.0,0.0,26.278499585247697
1.4,2100,3,0.5,11.6730849564079,20.4138402403839
1.4,2100,3,1.0,20.4138402403839,15.299038129824302
1.4,2100,3,1.5,26.9721230862322,11.587275769244197
1.4,2100,3,2.0,32.0011160096281,8.8324135755417
1.4,2100,3,2.5,35.8045366617739,6.634838632426401
1.4,2100,3,3.0,38.6359546420545,4.904170803978097
1.4,2100,3,3.5,40.708707465752,3.5594896536928005
1.4,2100,3,4.0,42.1954442957473,2.5311690049722984
1.4,2100,3,4.5,43.2398764707243,1.7586910909083002
1.4,2100,3,5.0,43.9541353866556,1.189603883025704
1.4,2100,3,5.5,44.42948035375,0.7805951710134025
1.4,2100,3,6.0,44.734730557669,0.4937601158454967
1.4,2100,3,6.5,44.9232404695955,0.2989695529786971
1.4,2100,3,7.0,45.0337001106477,0.17439197215350077
1.4,2100,3,7.5,45.097632441749,0.09452491586510092
1.4,2100,3,8.0,45.1282250265128,0.0447003494093039
1.4,2100,3,8.5,45.1423327911583,0.019826860050095263
1.4,2100,3,9.0,45.1480518865629,0.006923675222900272
1.4,2100,3,9.5,45.1492564663812,0.0023264876334039286
1.4,2100,3,10.0,45.1503783741963,0.002161143626992157
1.4,2100,4,0.0,0.0,39.912615469439395
1.4,2100,4,0.5,16.8239434289406,27.383158246323
1.4,2100,4,1.0,27.383158246323,18.009772906355504
1.4,2100,4,1.5,34.8337163352961,13.435661411190104
1.4,2100,4,2.0,40.8188196575131,10.735885203232698
1.4,2100,4,2.5,45.5696015385288,8.471695156562099
1.4,2100,4,3.0,49.2905148140752,6.5923781333777995
1.4,2100,4,3.5,52.1619796719066,5.049545639457797
1.4,2100,4,4.0,54.340060453533,3.7995360060525982
1.4,2100,4,4.5,55.9615156779592,2.8011631528933023
1.4,2100,4,5.0,57.1412236064263,2.017076621812798
1.4,2100,4,5.5,57.978592299772,1.413298539122401
1.4,2100,4,6.0,58.5545221455487,0.9584967038703027
1.4,2100,4,6.5,58.9370890036423,0.6258118494830001
1.4,2100,4,7.0,59.1803339950317,0.38907770656599894
1.4,2100,4,7.5,59.3261667102083,0.22709300537459853
1.4,2100,4,8.0,59.4074270004063,0.12617097875369865
1.4,2100,4,8.5,59.452337688962,0.0626423151133011
1.4,2100,4,9.0,59.4700693155196,0.021711266365301185
1.4,2100,4,9.5,59.4740489553273,0.0075071834571005525
1.4,2100,4,10.0,59.4775764989767,0.0066029911405181
1.4,2100,5,0.0,0.0,57.0574440894388
1.4,2100,5,0.5,22.3357526646469,32.2855665691488
1.4,2100,5,1.0,32.2855665691488,16.366664944710497
1.4,2100,5,1.5,38.7024176093574,11.866345958211802
1.4,2100,5,2.0,44.1519125273606,10.033653273977102
1.4,2100,5,2.5,48.7360708833345,8.3997476615098
1.4,2100,5,3.0,52.5516601888704,6.953368111067199
1.4,2100,5,3.5,55.6894389944017,5.6829856121693965
1.4,2100,5,4.0,58.2346458010398,4.577509960761205
1.4,2100,5,4.5,60.2669489551629,3.6252782177536034
1.4,2100,5,5.0,61.8599240187934,2.8152435761006984
1.4,2100,5,5.5,63.0821925312636,2.1356856029346005
1.4,2100,5,6.0,63.995609621728,1.5754854228471942
1.4,2100,5,6.5,64.6576779541108,1.1230356510354014
1.4,2100,5,7.0,65.1186452727634,0.7669155579203988
1.4,2100,5,7.5,65.4245935120312,0.49369516561350224
1.4,2100,5,8.0,65.6123404383769,0.3026980135157089
1.4,2100,5,8.5,65.7272915255469,0.16863829842729672
1.4,2100,5,9.0,65.7809787368042,0.06060418007979251
1.4,2100,5,9.5,65.7878957056267,0.01913545218999957
1.4,2100,5,10.0,65.8001141889942,0.029738481280020324
1.4,2100,6,0.0,0.0,53.5596839597561
1.4,2100,6,0.5,21.8975754701831,34.0306179209763
1.4,2100,6,1.0,34.0306179209763,20.302443708119803
1.4,2100,6,1.5,42.2000191783029,14.737257597305202
1.4,2100,6,2.0,48.7678755182815,11.787055495829698
1.4,2100,6,2.5,53.9870746741326,9.313686003382102
1.4,2100,6,3.0,58.0815615216636,7.2608569775579
1.4,2100,6,3.5,61.2479316516905,5.575061352240397
1.4,2100,6,4.0,63.656622873904,4.208310160124107
1.4,2100,6,4.5,65.4562418118146,3.115223170984308
1.4,2100,6,5.0,66.7718460448883,2.2551904180726865
1.4,2100,6,5.5,67.7114322298873,1.5909016740996975
1.4,2100,6,6.0,68.362747718988,1.0885818255662087
1.4,2100,6,6.5,68.8000140554535,0.7187762409406986
1.4,2100,6,7.0,69.0815239599287,0.4540038428077935
1.4,2100,6,7.5,69.2540178982613,0.27083848752700135
1.4,2100,6,8.0,69.3523624474557,0.15458470102610988
1.4,2100,6,8.5,69.4086025992874,0.08017577600419656
1.4,2100,6,9.0,69.4325382234599,0.03014784234819956
1.4,2100,6,9.5,69.4387504416356,0.011293602828700955
1.4,2100,6,10.0,69.4438318262886,0.009031935783283984
1.4,2100,7,0.0,0.0,74.9587503885992
1.4,2100,7,0.5,29.439742432105,42.8002193398208
1.4,2100,7,1.0,42.8002193398208,21.2979220061413
1.4,2100,7,1.5,50.7376644382463,14.0140931993012
1.4,2100,7,2.0,56.814312539122,10.6662594587876
1.4,2100,7,2.5,61.4039238970339,8.007390808535106
1.4,2100,7,3.0,64.8217033476571,5.921256786271506
1.4,2100,7,3.5,67.3251806833054,4.304744804950801
1.4,2100,7,4.0,69.1264481526079,3.0715604414900923
1.4,2100,7,4.5,70.3967411247955,2.1451896308347926
1.4,2100,7,5.0,71.2716377834427,1.462896420704709
1.4,2100,7,5.5,71.8596375455002,0.970414081257502
1.4,2100,7,6.0,72.2420518647002,0.6237098728717001
1.4,2100,7,6.5,72.4833474183719,0.3862700327781994
1.4,2100,7,7.0,72.6283218974784,0.2295767084876985
1.4,2100,7,7.5,72.7129241268596,0.1298684699349053
1.4,2100,7,8.0,72.7581903674133,0.06781946185189724
1.4,2100,7,8.5,72.7807435887115,0.032674753036090465
1.4,2100,7,9.0,72.7908651204494,0.013020458501003418
1.4,2100,7,9.5,72.7937640472125,0.004805189338497939
1.4,2100,7,10.0,72.7956703097879,0.002819860963043652
1.6,1500,3,0.0,0.0,20.4745193700842
1.6,1500,3,0.5,8.89028818662945,15.0866333764336
1.6,1500,3,1.0,15.0866333764336,10.98232715741855
1.6,1500,3,1.5,19.872615344048,8.863390207171499
1.6,1500,3,2.0,23.9500235836051,7.5157383104915
1.6,1500,3,2.5,27.3883536545395,6.304027522269401
1.6,1500,3,3.0,30.2540511058745,5.222557391720997
1.6,1500,3,3.5,32.6109110462605,4.265188434830701
1.6,1500,3,4.0,34.5192395407052,3.4259612882871053
1.6,1500,3,4.5,36.0368723345476,2.698476159112097
1.6,1500,3,5.0,37.2177156998173,2.0762921409571007
1.6,1500,3,5.5,38.1131644755047,1.5528184110805014
1.6,1500,3,6.0,38.7705341108978,1.1208817673627962
1.6,1500,3,6.5,39.2340462428675,0.7741092870312016
1.6,1500,3,7.0,39.544643397929,0.5030344115901002
1.6,1500,3,7.5,39.7370806544576,0.2994747065339993
1.6,1500,3,8.0,39.844118104463,0.16039344100929753
1.6,1500,3,8.5,39.8974740954669,0.07227412078469797
1.6,1500,3,9.0,39.9163922252477,0.01799720013410422
1.6,1500,3,9.5,39.915471295601,0.0015003911141988624
1.6,1500,3,10.0,39.9178926163619,0.008184891929381877
1.6,1500,4,0.0,0.0,19.783154996171362
1.6,1500,4,0.5,9.42220704817139,17.9056731965142
1.6,1500,4,1.0,17.9056731965142,15.571738633620708
1.6,1500,4,1.5,24.9939456817921,12.657256847848501
1.6,1500,4,2.0,30.5629300443627,9.888697959176099
1.6,1500,4,2.5,34.8826436409682,7.621356968219295
1.6,1500,4,3.0,38.184287012582,5.785742673995699
1.6,1500,4,3.5,40.6683863149639,4.318088083197004
1.6,1500,4,4.0,42.502375095779,3.1612083888572045
1.6,1500,4,4.5,43.8295947038211,2.264264829372401
1.6,1500,4,5.0,44.7666399251514,1.5811180675005971
1.6,1500,4,5.5,45.4107127713217,1.0725090593345001
1.6,1500,4,6.0,45.8391489844859,0.7025203128765014
1.6,1500,4,6.5,46.1132330841982,0.44271333358779685
1.6,1500,4,7.0,46.2818623180737,0.26336536271880107
1.6,1500,4,7.5,46.376598446917,0.1467988005433014
1.6,1500,4,8.0,46.428661118617,0.0787482479723991
1.6,1500,4,8.5,46.4553466948894,0.03640297010520044
1.6,1500,4,9.0,46.4650640887222,0.012720122632600805
1.6,1500,4,9.5,46.468066817522,0.004579809782001121
1.6,1500,4,10.0,46.4696438985042,0.0017285141467908716
1.6,1500,5,0.0,0.0,30.686338616633996
1.6,1500,5,0.5,13.5687234421987,23.5885551521608
1.6,1500,5,1.0,23.5885551521608,17.5946632980535
1.6,1500,5,1.5,31.1633867402522,13.488432058820699
1.6,1500,5,2.0,37.0769872109815,10.4715793047287
1.6,1500,5,2.5,41.6349660449809,8.020387597773102
1.6,1500,5,3.0,45.0973748087546,6.051888086538902
1.6,1500,5,3.5,47.6868541315198,4.490383945339296
1.6,1500,5,4.0,49.5877587540939,3.2694977414934954
1.6,1500,5,4.5,50.9563518730133,2.330215308561101
1.6,1500,5,5.0,51.917974062655,1.6203552752822006
1.6,1500,5,5.5,52.5767071482955,1.0956163952059015
1.6,1500,5,6.0,53.0135904578609,0.716430623525504
1.6,1500,5,6.5,53.293137771821,0.4515246816244982
1.6,1500,5,7.0,53.4651151394854,0.26973614083910036
1.6,1500,5,7.5,53.5628739126601,0.15164360584549996
1.6,1500,5,8.0,53.6167587453309,0.08230022039460039
1.6,1500,5,8.5,53.6451741330547,0.03960839920310377
1.6,1500,5,9.0,53.656367144534,0.014451680976399928
1.6,1500,5,9.5,53.6596258140311,0.0053382949161004944
1.6,1500,5,10.0,53.6617054394501,0.0029802067599149495
1.6,1500,6,0.0,0.0,42.576723126538795
1.6,1500,6,0.5,17.1033373094402,25.836626111222
1.6,1500,6,1.0,25.836626111222,14.5200975727894
1.6,1500,6,1.5,31.6234348822296,10.836822738496704
1.6,1500,6,2.0,36.6734488497187,9.4222140273781
1.6,1500,6,2.5,41.0456489096077,8.124059630081199
1.6,1500,6,3.0,44.7975084797999,6.939123257872403
1.6,1500,6,3.5,47.9847721674801,5.863903651036395
1.6,1500,6,4.0,50.6614121308363,4.895019307684095
1.6,1500,6,4.5,52.8797914751642,4.028674332721302
1.6,1500,6,5.0,54.6900864635576,3.261231285661303
1.6,1500,6,5.5,56.1410227608255,2.588589947132398
1.6,1500,6,6.0,57.27867641069,2.006691325721299
1.6,1500,6,6.5,58.1477140865468,1.5111673953910056
1.6,1500,6,7.0,58.789843806081,1.0972500720993992
1.6,1500,6,7.5,59.2449641586462,0.7609535511993997
1.6,1500,6,8.0,59.5507973572804,0.4942689841190031
1.6,1500,6,8.5,59.7392331427652,0.2937370452998991
1.6,1500,6,9.0,59.8445344025803,0.14191138851769836
1.6,1500,6,9.5,59.8811445312829,0.06148951608769693
1.6,1500,6,10.0,59.906023918668,0.03802803345271144
1.6,1500,7,0.0,0.0,57.77031622024631
1.6,1500,7,0.5,22.5610486451821,32.4738783604821
1.6,1500,7,1.0,32.4738783604821,15.979338297842002
1.6,1500,7,1.5,38.5403869430241,11.332153257404507
1.6,1500,7,2.0,43.8060316178866,9.798832370107895
1.6,1500,7,2.5,48.339219313132,8.400269094818498
1.6,1500,7,3.0,52.2063007127051,7.131794555682198
1.6,1500,7,3.5,55.4710138688142,5.988528426377499
1.6,1500,7,4.0,58.1948291390826,4.9656795376426
1.6,1500,7,4.5,60.4366934064568,4.0580083406131
1.6,1500,7,5.0,62.2528374796957,3.260503871602303
1.6,1500,7,5.5,63.6971972780591,2.567528609427697
1.6,1500,7,6.0,64.8203660891234,1.973737139115805
1.6,1500,7,6.5,65.6709344171749,1.4730884606430976
1.6,1500,7,7.0,66.2934545497665,1.059657417327088
1.6,1500,7,7.5,66.730591834502,0.7284950250948015
1.6,1500,7,8.0,67.0219495748613,0.4671479645730017
1.6,1500,7,8.5,67.197739799075,0.27466334487429833
1.6,1500,7,9.0,67.2966129197356,0.12915296875119964
1.6,1500,7,9.5,67.3268927678262,0.05461203228750833
1.6,1500,7,10.0,67.3512249520231,0.04271670450012266
1.6,1800,3,0.0,0.0,37.4658060967019
1.6,1800,3,0.5,14.9936185469757,22.5086680912009
1.6,1800,3,1.0,22.5086680912009,12.309969222592201
1.6,1800,3,1.5,27.3035877695679,8.726493532478301
1.6,1800,3,2.0,31.2351616236792,7.114173271947397
1.6,1800,3,2.5,34.4177610415153,5.721990882779803
1.6,1800,3,3.0,36.957152506459,4.5320757658587
1.6,1800,3,3.5,38.949836807374,3.526365929355997
1.6,1800,3,4.0,40.483518435815,2.687991777668799
1.6,1800,3,4.5,41.6378285850428,1.9995501446259993
1.6,1800,3,5.0,42.483068580441,1.445038988602704
1.6,1800,3,5.5,43.0828675736455,1.0079537662778009
1.6,1800,3,6.0,43.4910223467188,0.6731603936345962
1.6,1800,3,6.5,43.7560279672801,0.42393728672210074
1.6,1800,3,7.0,43.9149596334409,0.2514906502779013
1.6,1800,3,7.5,44.007518617558,0.13756679104199776
1.6,1800,3,8.0,44.0525264244829,0.052498070522801754
1.6,1800,3,8.5,44.0600166880808,0.016722184496003933
1.6,1800,3,9.0,44.0692486089789,0.006095751316500753
1.6,1800,3,9.5,44.0661124393973,0.0006794751414958
1.6,1800,3,10.0,44.0699280841204,0.014583103750901216
1.6,1800,4,0.0,0.0,32.6366223097234
1.6,1800,4,0.5,13.9050703872461,22.983659239261
1.6,1800,4,1.0,22.983659239261,15.791710266559198
1.6,1800,4,1.5,29.6967806538053,12.234620792668998
1.6,1800,4,2.0,35.21828003193,10.012370481155202
1.6,1800,4,2.5,39.7091511349605,8.097690987898297
1.6,1800,4,3.0,43.3159710198283,6.463142506441102
1.6,1800,4,3.5,46.1722936414016,5.081542422752506
1.6,1800,4,4.0,48.3975134425808,3.9275156824592017
1.6,1800,4,4.5,50.0998093238608,2.9761500326688974
1.6,1800,4,5.0,51.3736634752497,2.203897500032795
1.6,1800,4,5.5,52.3037068238936,1.5884345266640025
1.6,1800,4,6.0,52.9620980019137,1.1080727456714996
1.6,1800,4,6.5,53.4117795695651,0.7434179000230969
1.6,1800,4,7.0,53.7055159019368,0.4743219172788997
1.6,1800,4,7.5,53.886101486844,0.2828604755680999
1.6,1800,4,8.0,53.9883763775049,0.1600875765780998
1.6,1800,4,8.5,54.0461890634221,0.07923987316330283
1.6,1800,4,9.0,54.0676162506682,0.025267904793103924
1.6,1800,4,9.5,54.0714569682152,0.0077011034605973805
1.6,1800,4,10.0,54.0753173541288,0.007740440193792608
1.6,1800,5,0.0,0.0,51.5085375738756
1.6,1800,5,0.5,21.0051376459562,32.5120130099492
1.6,1800,5,1.0,32.5120130099492,19.295582323943297
1.6,1800,5,1.5,40.3007199698995,14.1389803847403
1.6,1800,5,2.0,46.6509933946895,11.4702836910377
1.6,1800,5,2.5,51.7710036609372,9.197289360936303
1.6,1800,5,3.0,55.8482827556258,7.279434650821905
1.6,1800,5,3.5,59.0504383117591,5.677357700342995
1.6,1800,5,4.0,61.5256404559688,4.355088613730601
1.6,1800,5,4.5,63.4055269254897,3.2777636391199962
1.6,1800,5,5.0,64.8034040950888,2.413570271504291
1.6,1800,5,5.5,65.819097196994,1.7324244444700128
1.6,1800,5,6.0,66.5358285395588,1.2064798009404996
1.6,1800,5,6.5,67.0255769979345,0.8106672189816919
1.6,1800,5,7.0,67.3464957585405,0.5209636557817134
1.6,1800,5,7.5,67.5465406537162,0.31575414066840324
1.6,1800,5,8.0,67.6622498992089,0.1830890081035932
1.6,1800,5,8.5,67.7296296618198,0.09591557385829219
1.6,1800,5,9.0,67.7581654730672,0.035177051252105684
1.6,1800,5,9.5,67.7648067130719,0.012837824647007778
1.6,1800,5,10.0,67.7710032977142,0.011948513922177995
1.6,1800,6,0.0,0.0,72.6415237191533
1.6,1800,6,0.5,27.8961528849384,38.9430878206003
1.6,1800,6,1.0,38.9430878206003,17.749199215851004
1.6,1800,6,1.5,45.6453521007894,12.2702826772138
1.6,1800,6,2.0,51.2133704978141,10.144351074974594
1.6,1800,6,2.5,55.789703175764,8.293236590724405
1.6,1800,6,3.0,59.5066070885385,6.694979085374307
1.6,1800,6,3.5,62.4846822611383,5.327852774735604
1.6,1800,6,4.0,64.8344598632741,4.171348852947403
1.6,1800,6,4.5,66.6560311140857,3.2047174662643982
1.6,1800,6,5.0,68.0391773295385,2.408770973786389
1.6,1800,6,5.5,69.0648020878721,1.7639608798561994
1.6,1800,6,6.0,69.8031382093947,1.2524033197844062
1.6,1800,6,6.5,70.3172054076565,0.856092386857199
1.6,1800,6,7.0,70.6592305962519,0.5583849006315944
1.6,1800,6,7.5,70.8755903082881,0.3415769812290961
1.6,1800,6,8.0,71.000807577481,0.195285007310801
1.6,1800,6,8.5,71.0708753155989,0.10213243503649494
1.6,1800,6,9.0,71.1029400125175,0.035754366688706796
1.6,1800,6,9.5,71.1066296822876,0.009937575400712717
1.6,1800,6,10.0,71.1128775879182,0.015054047121694225
1.6,1800,7,0.0,0.0,89.44496250668868
1.6,1800,7,0.5,33.9133912672651,46.2086025623717
1.6,1800,7,1.0,46.2086025623717,19.0613140245703
1.6,1800,7,1.5,52.9747052918354,12.135986034072197
1.6,1800,7,2.0,58.3445885964439,9.576601546129801
1.6,1800,7,2.5,62.5513068379652,7.4561995301714035
1.6,1800,7,3.0,65.8007881266153,5.718853039353206
1.6,1800,7,3.5,68.2701598773184,4.312269171753002
1.6,1800,7,4.0,70.1130572983683,3.189936788682388
1.6,1800,7,4.5,71.4600966660008,2.307896038889197
1.6,1800,7,5.0,72.4209533372575,1.6279598416229106
1.6,1800,7,5.5,73.0880565076237,1.1143445170768018
1.6,1800,7,6.0,73.5352978543343,0.736480598747093
1.6,1800,7,6.5,73.8245371063708,0.4661415596448961
1.6,1800,7,7.0,74.0014394139792,0.28119139535689897
1.6,1800,7,7.5,74.1057285017277,0.16036957105319516
1.6,1800,7,8.0,74.1618089850324,0.07993300752950461
1.6,1800,7,8.5,74.1856615092572,0.03528940209321263
1.6,1800,7,9.0,74.1970983871256,0.012344890745495718
1.6,1800,7,9.5,74.1980064000027,0.003594799577498975
1.6,1800,7,10.0,74.2006931867031,0.007152347224121058
1.6,2100,3,0.0,0.0,52.735024192043994
1.6,2100,3,0.5,20.7094490578131,30.1027720392084
1.6,2100,3,1.0,30.1027720392084,15.087768251891202
1.6,2100,3,1.5,35.7972173097043,10.2096627167514
1.6,2100,3,2.0,40.3124347559598,8.0464079942684
1.6,2100,3,2.5,43.8436253039727,6.2515289048317015
1.6,2100,3,3.0,46.5639636607915,4.779636194131896
1.6,2100,3,3.5,48.6232614981046,3.587757062124602
1.6,2100,3,4.0,50.1517207229161,2.6375343987625044
1.6,2100,3,4.5,51.2607958968671,1.892257731481898
1.6,2100,3,5.0,52.043978454398,1.319890054266601
1.6,2100,3,5.5,52.5806859511337,0.8900466815754982
1.6,2100,3,6.0,52.9340251359735,0.5766992965624951
1.6,2100,3,6.5,53.1573852476962,0.3549947199468022
1.6,2100,3,7.0,53.2890198559203,0.20651499226170245
1.6,2100,3,7.5,53.3639002399579,0.11301638415530135
1.6,2100,3,8.0,53.4020362400756,0.049386815264803374
1.6,2100,3,8.5,53.4132870552227,0.018231900736793705
1.6,2100,3,9.0,53.4202681408124,0.0066771085784935735
1.6,2100,3,9.5,53.4199641638012,0.0018900717709016135
1.6,2100,3,10.0,53.4221582125833,0.006886123357503493
1.6,2100,4,0.0,0.0,51.35058063446181
1.6,2100,4,0.5,20.7935710833002,31.823703698739
1.6,2100,4,1.0,31.823703698739,18.3709346115905
1.6,2100,4,1.5,39.1645056948907,13.3597964632925
1.6,2100,4,2.0,45.1835001620315,10.899726621449702
1.6,2100,4,2.5,50.0642323163404,8.790008251780598
1.6,2100,4,3.0,53.9735084138121,6.997289499457196
1.6,2100,4,3.5,57.0615218157976,5.4888716426752
1.6,2100,4,4.0,59.4623800564873,4.2346349544963005
1.6,2100,4,4.5,61.2961567702939,3.204951496689503
1.6,2100,4,5.0,62.6673315531768,2.372633922938803
1.6,2100,4,5.5,63.6687906932327,1.7114607642683026
1.6,2100,4,6.0,64.3787923174451,1.1970476834528014
1.6,2100,4,6.5,64.8658383766855,0.8069647030363996
1.6,2100,4,7.0,65.1857570204815,0.519477124292294
1.6,2100,4,7.5,65.3853155009778,0.31442890213850205
1.6,2100,4,8.0,65.50018592262,0.18126558353409905
1.6,2100,4,8.5,65.5665810845119,0.09422715869679621
1.6,2100,4,9.0,65.5944130813168,0.03289687517840889
1.6,2100,4,9.5,65.5994779596903,0.011129743210204879
1.6,2100,4,10.0,65.605542824527,0.01312971613661773
1.6,2100,5,0.0,0.0,78.6649314352926
1.6,2100,5,0.5,30.5536780462474,43.549780749697
1.6,2100,5,1.0,43.549780749697,20.558350191014604
1.6,2100,5,1.5,51.112028237262,13.387214893582701
1.6,2100,5,2.0,56.9369956432797,10.2512423931745
1.6,2100,5,2.5,61.3632706304365,7.742110800833203
1.6,2100,5,3.0,64.6791064441129,5.758567695172502
1.6,2100,5,3.5,67.121838325609,4.210092010964999
1.6,2100,5,4.0,68.8891984550779,3.0199865987575976
1.6,2100,5,4.5,70.1418249243666,2.119428080709298
1.6,2100,5,5.0,71.0086265357872,1.4514938815050016
1.6,2100,5,5.5,71.5933188058716,0.9660657367357004
1.6,2100,5,6.0,71.9746922725229,0.6223380619778993
1.6,2100,5,6.5,72.2156568678495,0.3855598836664029
1.6,2100,5,7.0,72.3602521561893,0.22875788154370014
1.6,2100,5,7.5,72.4444147493932,0.1292530045497955
1.6,2100,5,8.0,72.4895051607391,0.0664386828975978
1.6,2100,5,8.5,72.5108534322908,0.030932517110301205
1.6,2100,5,9.0,72.5204376778494,0.012083229150505304
1.6,2100,5,9.5,72.5229366614413,0.004302982154499091
1.6,2100,5,10.0,72.5247406600039,0.0029130120958882344
1.6,2100,6,0.0,0.0,70.725021115651
1.6,2100,6,0.5,28.0093043298014,41.3121962035546
1.6,2100,6,1.0,41.3121962035546,21.388200488737002
1.6,2100,6,1.5,49.3975048185384,14.3364675100972
1.6,2100,6,2.0,55.6486637136518,11.021059132199198
1.6,2100,6,2.5,60.4185639507376,8.359010887363397
1.6,2100,6,3.0,64.0076746010152,6.246678061932094
1.6,2100,6,3.5,66.6652420126697,4.590769443462108
1.6,2100,6,4.0,68.5984440444773,3.3121371428750024
1.6,2100,6,4.5,69.9773791555447,2.3396864210690893
1.6,2100,6,5.0,70.9381304655464,1.6140914304831995
1.6,2100,6,5.5,71.5914705860279,1.0834358349990083
1.6,2100,6,6.0,72.0215663005454,0.7046372497779032
1.6,2100,6,6.5,72.2961078358058,0.44184718169870507
1.6,2100,6,7.0,72.4634134822441,0.26512586445339537
1.6,2100,6,7.5,72.5612337002592,0.15042411494489727
1.6,2100,6,8.0,72.613837597189,0.0802887694707124
1.6,2100,6,8.5,72.6415224697299,0.03999218555880191
1.6,2100,6,9.0,72.6538297827478,0.015829202137396692
1.6,2100,6,9.5,72.6573516718673,0.005882494244900727
1.6,2100,6,10.0,72.6597122769927,0.0035599262567131973
1.6,2100,7,0.0,0.0,109.10565980128669
1.6,2100,7,0.5,40.6027437957749,53.3053153818129
1.6,2100,7,1.0,53.3053153818129,19.1890526521505
1.6,2100,7,1.5,59.7917964479254,11.409029470632603
1.6,2100,7,2.0,64.7143448524455,8.604066032041807
1.6,2100,7,2.5,68.3958624799672,6.3933972570156925
1.6,2100,7,3.0,71.1077421094612,4.673731035067888
1.6,2100,7,3.5,73.0695935150351,3.3539523154312008
1.6,2100,7,4.0,74.4616944248924,2.358207638768903
1.6,2100,7,4.5,75.427801153804,1.6194127578101956
1.6,2100,7,5.0,76.0811071827026,1.0831804811306966
1.6,2100,7,5.5,76.5109816349347,0.7024329466337065
1.6,2100,7,6.0,76.7835401293363,0.43978737133090817
1.6,2100,7,6.5,76.9507690062656,0.26369788536709393
1.6,2100,7,7.0,77.0472380147034,0.15066320400529776
1.6,2100,7,7.5,77.1014322102709,0.08222162947500067
1.6,2100,7,8.0,77.1294596441784,0.0393320078186008
1.6,2100,7,8.5,77.1407642180895,0.016729387884709013
1.6,2100,7,9.0,77.1461890320631,0.006364111400401384
1.6,2100,7,9.5,77.1471283294899,0.002126762068300536
1.6,2100,7,10.0,77.1483157941314,0.0026230964977145277
1.6,2400,3,0.0,0.0,55.706821836018705
1.6,2400,3,0.5,22.3133970647883,33.5467664231345
1.6,2400,3,1.0,33.5467664231345,18.313118808135197
1.6,2400,3,1.5,40.6265158729235,12.509243337289
1.6,2400,3,2.0,46.0560097604235,9.536122945217599
1.6,2400,3,2.5,50.1626388181411,7.166854649400001
1.6,2400,3,3.0,53.2228644098235,5.3024404538181
1.6,2400,3,3.5,55.4650792719592,3.8540235247118986
1.6,2400,3,4.0,57.0768879345354,2.7467622837706003
1.6,2400,3,4.5,58.2118415557298,1.9139767732873025
1.6,2400,3,5.0,58.9908647078227,1.300208712298705
1.6,2400,3,5.5,59.5120502680285,0.8576798852149992
1.6,2400,3,6.0,59.8485445930377,0.5466910469457957
1.6,2400,3,6.5,60.0587413149743,0.33449260808630044
1.6,2400,3,7.0,60.183037201124,0.19635117365299948
1.6,2400,3,7.5,60.2550924886273,0.10900205503959626
1.6,2400,3,8.0,60.2920392561636,0.05401724626090498
1.6,2400,3,8.5,60.3091097348882,0.024711612932804883
1.6,2400,3,9.0,60.3167508690964,0.008853711674994713
1.6,2400,3,9.5,60.3179634465632,0.00292611131929732
1.6,2400,3,10.0,60.3196769804157,0.003928024090718907
1.6,2400,4,0.0,0.0,71.7054785674091
1.6,2400,4,0.5,28.2523914192374,41.3040871095405
1.6,2400,4,1.0,41.3040871095405,20.774389979066296
1.6,2400,4,1.5,49.0267813983037,13.512834533361406
1.6,2400,4,2.0,54.8169216429019,10.070916449920801
1.6,2400,4,2.5,59.0976978482245,7.4005081721604995
1.6,2400,4,3.0,62.2174298150624,5.355201240330402
1.6,2400,4,3.5,64.4528990885549,3.8085473306807955
1.6,2400,4,4.0,66.0259771457432,2.6580336838350007
1.6,2400,4,4.5,67.1109327723899,1.8155267378373026
1.6,2400,4,5.0,67.8415038835805,1.2109699564564949
1.6,2400,4,5.5,68.3219027288464,0.7859814458853975
1.6,2400,4,6.0,68.6274853294659,0.4945619149091982
1.6,2400,4,6.5,68.8164646437556,0.3001899453248029
1.6,2400,4,7.0,68.9276752747907,0.1752209332258019
1.6,2400,4,7.5,68.9916855769814,0.09784487343900139
1.6,2400,4,8.0,69.0255201482297,0.05041237478990013
1.6,2400,4,8.5,69.0420979517713,0.024056819017403086
1.6,2400,4,9.0,69.0495769672471,0.009765718868209206
1.6,2400,4,9.5,69.0518636706395,0.0037045111836988553
1.6,2400,4,10.0,69.0532814784308,0.001966719981510323
1.6,2400,5,0.0,0.0,85.20573641553419
1.6,2400,5,0.5,32.8275029791474,46.1042755010554
1.6,2400,5,1.0,46.1042755010554,20.7710729294743
1.6,2400,5,1.5,53.5985759086217,13.193534716556805
1.6,2400,5,2.0,59.2978102176122,9.973405204989604
1.6,2400,5,2.5,63.5719811136113,7.4337217661262045
1.6,2400,5,3.0,66.7315319837384,5.455589762494597
1.6,2400,5,3.5,69.0275708761059,3.9345009899736993
1.6,2400,5,4.0,70.6660329737121,2.7836190105414005
1.6,2400,5,4.5,71.8111898866473,1.926475124147487
1.6,2400,5,5.0,72.5925080978596,1.3010821561091035
1.6,2400,5,5.5,73.1122720427564,0.8540539265004128
1.6,2400,5,6.0,73.44656202436,0.5428018218212003
1.6,2400,5,6.5,73.6550738645776,0.3319777497521983
1.6,2400,5,7.0,73.7785397741122,0.19459331146029513
1.6,2400,5,7.5,73.8496671760379,0.10897349501370002
1.6,2400,5,8.0,73.8875132691259,0.05562105389790872
1.6,2400,5,8.5,73.9052882299358,0.025779907082593922
1.6,2400,5,9.0,73.9132931762085,0.010196799032087256
1.6,2400,5,9.5,73.9154850289679,0.003685234411506144
1.6,2400,5,10.0,73.91697841062,0.0022882921969369363
1.6,2400,6,0.0,0.0,92.3274422571071
1.6,2400,6,0.5,35.6909002016714,50.4361585495785
1.6,2400,6,1.0,50.4361585495785,22.8203638650131
1.6,2400,6,1.5,58.5112640666845,13.887927696680102
1.6,2400,6,2.0,64.3240862462586,9.9387331729829
1.6,2400,6,2.5,68.4499972396674,7.016291409194295
1.6,2400,6,3.0,71.3403776554529,4.881824430777897
1.6,2400,6,3.5,73.3318216704453,3.341452123871406
1.6,2400,6,4.0,74.6818297793243,2.2482241471826114
1.6,2400,6,4.5,75.5800458176279,1.4832311900234032
1.6,2400,6,5.0,76.1650609693477,0.9583889454786885
1.6,2400,6,5.5,76.5384347631066,0.6047729296481918
1.6,2400,6,6.0,76.7698338989959,0.37180227718801007
1.6,2400,6,6.5,76.9102370402946,0.22205146685709565
1.6,2400,6,7.0,76.991885365853,0.12832591325410192
1.6,2400,6,7.5,77.0385629535487,0.07179983028210302
1.6,2400,6,8.0,77.0636851961351,0.03809445259010147
1.6,2400,6,8.5,77.0766574061388,0.019179378672404823
1.6,2400,6,9.0,77.0828645748075,0.008799499032193125
1.6,2400,6,9.5,77.085456905171,0.00380123357270179
1.6,2400,6,10.0,77.0866658083802,0.0010343792641265281
1.6,2400,7,0.0,0.0,117.23971778783459
1.6,2400,7,0.5,43.2158924194086,55.6238518897998
1.6,2400,7,1.0,55.6238518897998,18.675954233135904
1.6,2400,7,1.5,61.8918466525445,11.186631091465692
1.6,2400,7,2.0,66.8104829812655,8.725582114259893
1.6,2400,7,2.5,70.6174287668044,6.710088975249505
1.6,2400,7,3.0,73.520571956515,5.078969235760809
1.6,2400,7,3.5,75.6963980025652,3.775627397414695
1.6,2400,7,4.0,77.2961993539297,2.7503859066619896
1.6,2400,7,4.5,78.4467839092272,1.9568540646795043
1.6,2400,7,5.0,79.2530534186092,1.3553330092079108
1.6,2400,7,5.5,79.8021169184351,0.909145720907901
1.6,2400,7,6.0,80.1621991395171,0.587552880544294
1.6,2400,7,6.5,80.3896697989794,0.3624203472212031
1.6,2400,7,7.0,80.5246194867383,0.21217745898280782
1.6,2400,7,7.5,80.6018472579622,0.11773760000039601
1.6,2400,7,8.0,80.6423570867387,0.05491873068879727
1.6,2400,7,8.5,80.656765988651,0.021971079733702936
1.6,2400,7,9.0,80.6643281664724,0.008194326975001331
1.6,2400,7,9.5,80.664960315626,0.0026202673250992348
1.6,2400,7,10.0,80.6669484337975,0.005332205360886633
